controller,seed,epoch,viol_s,loss_pct,pods
HPA-45-r0,300,1,35.0,1.9224302550582717,53.75833333333333
HPA-45-r0,300,2,40.0,2.369685133137356,53.986111111111114
HPA-45-r0,300,3,35.0,1.8643262895965518,53.27777777777778
HPA-45-r0,300,4,35.0,2.1307319726245,54.49166666666667
HPA-45-r0,300,5,45.0,2.7629722895842534,55.43611111111111
HPA-45-r0,300,6,35.0,2.1078560517399425,53.93611111111111
HPA-45-r0,300,7,35.0,1.8630515782175672,54.269444444444446
HPA-45-r0,300,8,35.0,1.896422873031267,53.955555555555556
HPA-45-r0,300,9,35.0,1.979238718905063,52.59722222222222
HPA-45-r0,300,10,35.0,1.8816398147719626,53.76111111111111
HPA-45-r0,300,11,35.0,1.842805061361119,52.90277777777778
HPA-45-r0,301,1,45.0,2.18481006514587,57.72222222222222
HPA-45-r0,301,2,30.0,1.6897757631421761,55.53611111111111
HPA-45-r0,301,3,40.0,1.9943655370339375,57.59444444444444
HPA-45-r0,301,4,45.0,1.9784439964112832,58.28333333333333
HPA-45-r0,301,5,35.0,1.792985890309673,55.11944444444445
HPA-45-r0,301,6,50.0,2.506642968662942,57.519444444444446
HPA-45-r0,301,7,40.0,2.1580143750250858,60.225
HPA-45-r0,301,8,40.0,2.216487985304205,57.83888888888889
HPA-45-r0,301,9,60.0,2.988839003773869,58.97222222222222
HPA-45-r0,301,10,60.0,3.2797469081436215,58.03888888888889
HPA-45-r0,301,11,40.0,1.898523521677531,57.51111111111111
HPA-45-r0,302,1,55.0,3.8681305514049025,54.736111111111114
HPA-45-r0,302,2,60.0,4.1806852526090506,56.71388888888889
HPA-45-r0,302,3,55.0,3.803661933450153,56.48888888888889
HPA-45-r0,302,4,65.0,4.194686237434386,58.227777777777774
HPA-45-r0,302,5,55.0,4.047681140166082,56.605555555555554
HPA-45-r0,302,6,55.0,3.833648032650816,55.897222222222226
HPA-45-r0,302,7,60.0,4.328471419375068,56.59166666666667
HPA-45-r0,302,8,65.0,4.343694248985075,57.96111111111111
HPA-45-r0,302,9,60.0,4.37139047241506,58.019444444444446
HPA-45-r0,302,10,50.0,3.8216216438800132,56.422222222222224
HPA-45-r0,302,11,60.0,4.094018787772691,53.99722222222222
HPA-45-r0,303,1,35.0,1.5358728102316421,54.36666666666667
HPA-45-r0,303,2,25.0,1.2251374566678241,55.02777777777778
HPA-45-r0,303,3,35.0,1.4574733029198428,54.1
HPA-45-r0,303,4,30.0,1.2224682094679529,54.05277777777778
HPA-45-r0,303,5,30.0,1.2183911202753972,55.105555555555554
HPA-45-r0,303,6,30.0,1.1826896068820925,53.43611111111111
HPA-45-r0,303,7,35.0,1.478229063845693,53.65555555555556
HPA-45-r0,303,8,35.0,1.603509568400674,52.513888888888886
HPA-45-r0,303,9,35.0,1.4604733005583181,54.797222222222224
HPA-45-r0,303,10,30.0,1.2015500063733309,52.43888888888889
HPA-45-r0,303,11,30.0,1.5739668326549272,53.71666666666667
HPA-45-r0,304,1,25.0,0.9688779271421311,49.55555555555556
HPA-45-r0,304,2,25.0,0.9574402229061363,50.31666666666667
HPA-45-r0,304,3,25.0,1.0016597708891628,49.85
HPA-45-r0,304,4,25.0,1.0032907269006852,50.3
HPA-45-r0,304,5,30.0,1.2428032044568216,50.833333333333336
HPA-45-r0,304,6,30.0,0.9975960895744374,49.577777777777776
HPA-45-r0,304,7,25.0,0.914769388769987,48.81666666666667
HPA-45-r0,304,8,25.0,0.836318459830443,48.791666666666664
HPA-45-r0,304,9,25.0,0.935206646193576,48.81666666666667
HPA-45-r0,304,10,35.0,1.4828383577969229,49.825
HPA-45-r0,304,11,35.0,1.5684990404357668,49.81666666666667
HPA-45-r0,305,1,55.0,3.9578114032346567,58.88333333333333
HPA-45-r0,305,2,60.0,4.431984269255973,61.452777777777776
HPA-45-r0,305,3,60.0,4.444101535254341,61.4
HPA-45-r0,305,4,55.0,4.210227719985349,60.361111111111114
HPA-45-r0,305,5,55.0,4.255532469751411,60.49444444444445
HPA-45-r0,305,6,55.0,4.119815569985974,60.825
HPA-45-r0,305,7,55.0,4.096512917123352,58.766666666666666
HPA-45-r0,305,8,55.0,4.46731504716894,59.58888888888889
HPA-45-r0,305,9,60.0,4.699111112877374,60.83611111111111
HPA-45-r0,305,10,55.0,4.48699190544678,60.55833333333333
HPA-45-r0,305,11,55.0,4.368051679975082,60.59444444444444
HPA-45-r0,306,1,45.0,2.337035372193852,54.15
HPA-45-r0,306,2,40.0,1.9874561948762026,54.541666666666664
HPA-45-r0,306,3,35.0,1.9912861522035419,52.15
HPA-45-r0,306,4,35.0,1.8248590605909554,51.16111111111111
HPA-45-r0,306,5,35.0,1.8256276702442453,52.263888888888886
HPA-45-r0,306,6,30.0,1.6576148785804712,51.666666666666664
HPA-45-r0,306,7,40.0,2.010121115157304,53.58611111111111
HPA-45-r0,306,8,35.0,1.8788994693022754,54.736111111111114
HPA-45-r0,306,9,40.0,2.69286273716125,55.05833333333333
HPA-45-r0,306,10,35.0,1.9032557781142323,53.74722222222222
HPA-45-r0,306,11,45.0,2.485839870676687,54.766666666666666
HPA-45-r0,307,1,60.0,2.941725587692956,57.27777777777778
HPA-45-r0,307,2,45.0,2.049873023753268,58.74444444444445
HPA-45-r0,307,3,35.0,1.910482022842419,58.88611111111111
HPA-45-r0,307,4,45.0,1.960653651326738,58.625
HPA-45-r0,307,5,40.0,1.955738867135548,57.90555555555556
HPA-45-r0,307,6,50.0,2.5076406205257973,58.68888888888889
HPA-45-r0,307,7,45.0,2.1425735442623606,57.93888888888889
HPA-45-r0,307,8,40.0,2.273016346381884,57.611111111111114
HPA-45-r0,307,9,40.0,2.2622677372803435,57.19444444444444
HPA-45-r0,307,10,45.0,2.4752582146935764,60.4
HPA-45-r0,307,11,45.0,2.0399972417412426,58.291666666666664
HPA-45-r0,308,1,55.0,4.085021132525791,57.15
HPA-45-r0,308,2,65.0,4.142792576499521,58.016666666666666
HPA-45-r0,308,3,55.0,4.056052033752977,58.019444444444446
HPA-45-r0,308,4,60.0,4.08480312570938,56.58888888888889
HPA-45-r0,308,5,55.0,4.028587414120577,56.13333333333333
HPA-45-r0,308,6,65.0,4.5167100319764675,58.00277777777778
HPA-45-r0,308,7,60.0,4.201493179763583,56.016666666666666
HPA-45-r0,308,8,60.0,4.265310082520902,58.1
HPA-45-r0,308,9,50.0,3.7597162776310755,55.06944444444444
HPA-45-r0,308,10,55.0,4.161175452028864,55.53055555555556
HPA-45-r0,308,11,60.0,4.124021499970764,58.43611111111111
HPA-45-r0,309,1,30.0,1.4498062270356882,53.63333333333333
HPA-45-r0,309,2,30.0,1.558695519122677,54.65555555555556
HPA-45-r0,309,3,30.0,1.4369851835101977,54.11666666666667
HPA-45-r0,309,4,25.0,1.173429253713798,53.736111111111114
HPA-45-r0,309,5,35.0,1.5800647640927479,53.65277777777778
HPA-45-r0,309,6,25.0,1.233668441112823,54.99722222222222
HPA-45-r0,309,7,35.0,1.644585285361544,53.608333333333334
HPA-45-r0,309,8,25.0,1.2150352283675558,54.02777777777778
HPA-45-r0,309,9,35.0,1.6525459543624055,53.31111111111111
HPA-45-r0,309,10,35.0,1.5014853937709516,55.86666666666667
HPA-45-r0,309,11,30.0,1.4706005970319125,53.21666666666667
HPA-45-r0,310,1,30.0,1.15050808267525,50.102777777777774
HPA-45-r0,310,2,25.0,0.9637332068828219,48.81666666666667
HPA-45-r0,310,3,35.0,1.2228408163177273,49.80833333333333
HPA-45-r0,310,4,30.0,1.217935862876951,50.28611111111111
HPA-45-r0,310,5,30.0,1.1743371765049138,51.111111111111114
HPA-45-r0,310,6,35.0,1.3357236135551398,50.80833333333333
HPA-45-r0,310,7,25.0,0.9639122336660866,49.833333333333336
HPA-45-r0,310,8,30.0,1.2624492592737013,50.30833333333333
HPA-45-r0,310,9,25.0,0.9555375931935561,50.325
HPA-45-r0,310,10,30.0,1.3085300551143653,49.580555555555556
HPA-45-r0,310,11,25.0,0.9341347021865842,49.03333333333333
HPA-45-r0,311,1,60.0,4.269650211589204,57.63611111111111
HPA-45-r0,311,2,55.0,3.881898078086987,59.727777777777774
HPA-45-r0,311,3,60.0,4.576918623749304,61.24166666666667
HPA-45-r0,311,4,55.0,4.0704551578432335,59.458333333333336
HPA-45-r0,311,5,50.0,3.7999408330240625,59.41111111111111
HPA-45-r0,311,6,50.0,3.740237239650901,59.4
HPA-45-r0,311,7,55.0,4.4117944433290095,58.59722222222222
HPA-45-r0,311,8,65.0,4.65292505039857,58.894444444444446
HPA-45-r0,311,9,60.0,4.629134133109181,59.208333333333336
HPA-45-r0,311,10,55.0,3.8915266095569945,59.169444444444444
HPA-45-r0,311,11,55.0,4.373450388772038,60.272222222222226
HPA-45-r0,312,1,45.0,2.8766774780963233,52.16111111111111
HPA-45-r0,312,2,40.0,1.9864350705407041,54.105555555555554
HPA-45-r0,312,3,40.0,2.1327740907207127,54.25833333333333
HPA-45-r0,312,4,45.0,2.7443839973507855,53.669444444444444
HPA-45-r0,312,5,35.0,1.9125825254367679,53.6
HPA-45-r0,312,6,35.0,1.8106805379221491,53.74722222222222
HPA-45-r0,312,7,35.0,2.008797481095681,52.102777777777774
HPA-45-r0,312,8,40.0,2.1268687342083425,54.50833333333333
HPA-45-r0,312,9,35.0,1.8579600981648792,53.31666666666667
HPA-45-r0,312,10,35.0,1.6878009651476233,52.74166666666667
HPA-45-r0,312,11,45.0,2.190423768303229,53.75
HPA-45-r0,313,1,40.0,2.1762767133038596,57.06666666666667
HPA-45-r0,313,2,45.0,2.0964049746002744,58.416666666666664
HPA-45-r0,313,3,40.0,2.0125613214227123,57.80277777777778
HPA-45-r0,313,4,40.0,2.0997273832243923,58.33888888888889
HPA-45-r0,313,5,50.0,2.8337385505036283,60.5
HPA-45-r0,313,6,40.0,1.9435440732319842,59.07222222222222
HPA-45-r0,313,7,45.0,1.9701787767843038,56.31944444444444
HPA-45-r0,313,8,40.0,1.9333499492121375,58.40833333333333
HPA-45-r0,313,9,50.0,2.5638068165859784,57.52777777777778
HPA-45-r0,313,10,40.0,1.9236090923560045,57.59166666666667
HPA-45-r0,313,11,40.0,2.188271110826767,58.74166666666667
HPA-45-r0,314,1,60.0,4.10270908067738,59.016666666666666
HPA-45-r0,314,2,60.0,4.149468469151718,56.96388888888889
HPA-45-r0,314,3,55.0,3.9997305578788667,57.06388888888889
HPA-45-r0,314,4,60.0,4.083036916392036,57.733333333333334
HPA-45-r0,314,5,55.0,3.860967260018433,56.25833333333333
HPA-45-r0,314,6,60.0,4.319108717614184,57.41111111111111
HPA-45-r0,314,7,55.0,4.153473406908404,57.12222222222222
HPA-45-r0,314,8,65.0,4.372744760967995,56.38611111111111
HPA-45-r0,314,9,60.0,4.09262437603738,55.041666666666664
HPA-45-r0,314,10,65.0,4.453785551028955,55.88611111111111
HPA-45-r0,314,11,65.0,4.31935300732097,58.31388888888889
HPA-45-r0,315,1,35.0,1.631987231627452,53.34166666666667
HPA-45-r0,315,2,40.0,1.7813258356410344,52.513888888888886
HPA-45-r0,315,3,30.0,1.5996633951904649,54.07222222222222
HPA-45-r0,315,4,35.0,1.5306753585677235,54.38055555555555
HPA-45-r0,315,5,40.0,1.7565398251134567,54.03888888888889
HPA-45-r0,315,6,30.0,1.4254560792622772,53.21666666666667
HPA-45-r0,315,7,30.0,1.4153844195955112,53.31111111111111
HPA-45-r0,315,8,35.0,1.4528466167468168,54.74722222222222
HPA-45-r0,315,9,30.0,1.5583629990310044,55.31111111111111
HPA-45-r0,315,10,30.0,1.4783272203486408,54.977777777777774
HPA-45-r0,315,11,40.0,1.779491308005865,53.772222222222226
HPA-45-r0,316,1,25.0,0.8893012776925446,49.891666666666666
HPA-45-r0,316,2,25.0,1.0139172421846143,50.09444444444444
HPA-45-r0,316,3,25.0,0.92578942313577,49.11944444444445
HPA-45-r0,316,4,25.0,0.9253881979033207,48.81666666666667
HPA-45-r0,316,5,25.0,0.985077564283876,48.81666666666667
HPA-45-r0,316,6,25.0,1.0040321223588111,49.794444444444444
HPA-45-r0,316,7,30.0,0.9355267410187551,50.611111111111114
HPA-45-r0,316,8,30.0,1.1789147030498714,51.31666666666667
HPA-45-r0,316,9,25.0,0.9613608875233437,49.12777777777778
HPA-45-r0,316,10,25.0,0.9512369352220329,49.31666666666667
HPA-45-r0,316,11,30.0,1.2591192975207721,50.28611111111111
HPA-45-r0,317,1,55.0,4.451407106195049,60.144444444444446
HPA-45-r0,317,2,60.0,4.471767025425766,61.102777777777774
HPA-45-r0,317,3,60.0,4.524731947441529,59.5
HPA-45-r0,317,4,55.0,3.8213950856749945,58.81666666666667
HPA-45-r0,317,5,60.0,4.449469609598755,60.483333333333334
HPA-45-r0,317,6,55.0,4.234818380202676,61.233333333333334
HPA-45-r0,317,7,55.0,4.164842756653487,59.25
HPA-45-r0,317,8,55.0,3.7853308976339095,58.294444444444444
HPA-45-r0,317,9,55.0,4.29011304492235,58.08888888888889
HPA-45-r0,317,10,55.0,4.139569817797694,58.416666666666664
HPA-45-r0,317,11,55.0,3.9172902819871847,58.5
HPA-45-r0,318,1,35.0,1.8626645519066232,52.75833333333333
HPA-45-r0,318,2,35.0,2.0035669885820284,54.05555555555556
HPA-45-r0,318,3,45.0,2.0960266705099984,54.26111111111111
HPA-45-r0,318,4,35.0,1.966983001694289,52.68055555555556
HPA-45-r0,318,5,35.0,2.022077207528228,53.644444444444446
HPA-45-r0,318,6,35.0,1.80593006779175,53.9
HPA-45-r0,318,7,35.0,1.9445797370509,53.394444444444446
HPA-45-r0,318,8,30.0,1.7821868628898896,50.68333333333333
HPA-45-r0,318,9,35.0,1.9211883121858953,53.71944444444444
HPA-45-r0,318,10,40.0,2.375070372170396,53.49444444444445
HPA-45-r0,318,11,30.0,1.8253749033853128,52.90833333333333
HPA-45-r0,319,1,35.0,1.8714286831839066,57.327777777777776
HPA-45-r0,319,2,45.0,2.4929280259791797,57.352777777777774
HPA-45-r0,319,3,60.0,3.1869337501134187,58.016666666666666
HPA-45-r0,319,4,35.0,1.856343174352193,57.425
HPA-45-r0,319,5,35.0,2.130433773613394,59.46111111111111
HPA-45-r0,319,6,40.0,1.9635911910781956,58.269444444444446
HPA-45-r0,319,7,45.0,1.9949089694785704,58.1
HPA-45-r0,319,8,45.0,2.5257467166707404,59.24722222222222
HPA-45-r0,319,9,40.0,1.9431652398353982,56.394444444444446
HPA-45-r0,319,10,40.0,2.1532030131514834,57.897222222222226
HPA-45-r0,319,11,35.0,1.928170959056208,59.041666666666664
HPA-45-r0,320,1,60.0,4.362894392173189,57.44166666666667
HPA-45-r0,320,2,60.0,4.491021031460363,55.077777777777776
HPA-45-r0,320,3,50.0,3.7556988272281933,56.125
HPA-45-r0,320,4,65.0,4.392247721947806,58.88055555555555
HPA-45-r0,320,5,60.0,4.028457604140012,56.172222222222224
HPA-45-r0,320,6,60.0,4.162084174205683,54.638888888888886
HPA-45-r0,320,7,65.0,4.429350383271958,58.355555555555554
HPA-45-r0,320,8,60.0,4.178879341316078,55.541666666666664
HPA-45-r0,320,9,55.0,3.9955497311764843,56.3
HPA-45-r0,320,10,70.0,4.7701893424556,55.53333333333333
HPA-45-r0,320,11,50.0,3.8362125174596473,56.513888888888886
HPA-45-r0,321,1,30.0,1.2065283334793508,55.36388888888889
HPA-45-r0,321,2,30.0,1.1464802346001335,52.41388888888889
HPA-45-r0,321,3,25.0,1.1540927848317617,54.01111111111111
HPA-45-r0,321,4,40.0,1.7728148953632505,55.28055555555556
HPA-45-r0,321,5,40.0,1.8073489762288286,54.172222222222224
HPA-45-r0,321,6,35.0,1.5915231728451884,53.69444444444444
HPA-45-r0,321,7,30.0,1.170083895320806,55.141666666666666
HPA-45-r0,321,8,30.0,1.5391679262825253,53.775
HPA-45-r0,321,9,30.0,1.151613606925439,53.166666666666664
HPA-45-r0,321,10,35.0,1.760184646298113,52.30555555555556
HPA-45-r0,321,11,35.0,1.5337904046342832,54.041666666666664
HPA-45-r0,322,1,30.0,1.2274623389513017,51.53055555555556
HPA-45-r0,322,2,25.0,0.9551117894647354,49.85
HPA-45-r0,322,3,25.0,1.014838540825047,50.12777777777778
HPA-45-r0,322,4,25.0,0.9390573384806422,49.08611111111111
HPA-45-r0,322,5,30.0,1.1740236564946493,49.825
HPA-45-r0,322,6,25.0,0.9308668677458387,50.0
HPA-45-r0,322,7,30.0,1.2794074642722641,50.28611111111111
HPA-45-r0,322,8,25.0,0.9197069198475627,49.84166666666667
HPA-45-r0,322,9,25.0,0.9607714274826762,50.102777777777774
HPA-45-r0,322,10,30.0,1.2214211584222534,50.81666666666667
HPA-45-r0,322,11,25.0,0.990006312317615,50.31666666666667
HPA-45-r0,323,1,60.0,4.5919377696503005,60.61388888888889
HPA-45-r0,323,2,55.0,3.961073455060393,60.202777777777776
HPA-45-r0,323,3,50.0,3.9022485534422446,61.06944444444444
HPA-45-r0,323,4,55.0,3.7713404212718515,59.90833333333333
HPA-45-r0,323,5,55.0,4.194300581245802,60.00555555555555
HPA-45-r0,323,6,55.0,4.049940145248387,59.94166666666667
HPA-45-r0,323,7,55.0,3.980599561228104,58.43333333333333
HPA-45-r0,323,8,55.0,4.324653227298814,61.080555555555556
HPA-45-r0,323,9,55.0,4.275350531945977,59.02777777777778
HPA-45-r0,323,10,60.0,4.206069827148696,60.675
HPA-45-r0,323,11,60.0,4.136238562212191,58.775
HPA-45-r0,324,1,50.0,2.9601768060253164,54.138888888888886
HPA-45-r0,324,2,40.0,1.9964303665708338,54.27777777777778
HPA-45-r0,324,3,40.0,2.058856039613921,54.25833333333333
HPA-45-r0,324,4,35.0,1.9600556374614553,53.56666666666667
HPA-45-r0,324,5,45.0,2.1444688222557517,54.025
HPA-45-r0,324,6,40.0,2.1479411586705965,53.05833333333333
HPA-45-r0,324,7,50.0,2.5668716851738993,55.58888888888889
HPA-45-r0,324,8,35.0,1.8042692669410498,52.31111111111111
HPA-45-r0,324,9,35.0,1.887768889275876,54.375
HPA-45-r0,324,10,40.0,2.2260741013712115,54.75833333333333
HPA-45-r0,324,11,45.0,2.200248334958399,55.74722222222222
HPA-45-r0,325,1,50.0,2.610865189816436,57.48888888888889
HPA-45-r0,325,2,40.0,2.0234129534320577,57.30555555555556
HPA-45-r0,325,3,40.0,2.1435007931693617,56.88611111111111
HPA-45-r0,325,4,40.0,1.8907914827262395,57.36388888888889
HPA-45-r0,325,5,45.0,2.5373094139223507,58.891666666666666
HPA-45-r0,325,6,45.0,1.964556251330507,59.03333333333333
HPA-45-r0,325,7,35.0,2.0315216884996268,57.08611111111111
HPA-45-r0,325,8,35.0,1.995776638634339,58.66111111111111
HPA-45-r0,325,9,35.0,2.027653461403356,58.41388888888889
HPA-45-r0,325,10,35.0,2.0102973544617875,56.23888888888889
HPA-45-r0,325,11,50.0,2.6533978659459057,58.21388888888889
HPA-45-r0,326,1,60.0,4.159189101566085,56.611111111111114
HPA-45-r0,326,2,60.0,4.55165530492001,58.611111111111114
HPA-45-r0,326,3,50.0,3.8533426230344614,55.583333333333336
HPA-45-r0,326,4,50.0,3.7302171695625996,55.09166666666667
HPA-45-r0,326,5,50.0,3.7491548914308503,55.99166666666667
HPA-45-r0,326,6,60.0,4.078267765451948,56.96666666666667
HPA-45-r0,326,7,65.0,4.436830694254146,58.59722222222222
HPA-45-r0,326,8,60.0,4.149671864883353,54.541666666666664
HPA-45-r0,326,9,60.0,4.088789117009406,56.422222222222224
HPA-45-r0,326,10,65.0,4.307858216013294,57.33611111111111
HPA-45-r0,326,11,65.0,4.2785382586817855,58.68055555555556
HPA-45-r0,327,1,30.0,1.2379937458639412,52.583333333333336
HPA-45-r0,327,2,35.0,1.8859022136726078,53.327777777777776
HPA-45-r0,327,3,35.0,1.7090900876378212,52.58888888888889
HPA-45-r0,327,4,35.0,1.5059206733961106,53.74444444444445
HPA-45-r0,327,5,35.0,1.3921624376592168,54.833333333333336
HPA-45-r0,327,6,35.0,1.6370009335738955,53.71388888888889
HPA-45-r0,327,7,30.0,1.3007296374714872,53.641666666666666
HPA-45-r0,327,8,35.0,1.4440616489484581,53.525
HPA-45-r0,327,9,30.0,1.4124091002937544,54.28888888888889
HPA-45-r0,327,10,40.0,1.7675380797762763,54.263888888888886
HPA-45-r0,327,11,30.0,1.2452279191152993,54.111111111111114
HPA-45-r0,328,1,25.0,0.9568340482098314,49.55555555555556
HPA-45-r0,328,2,25.0,1.0006054247803209,49.11944444444445
HPA-45-r0,328,3,30.0,1.2107777900148164,49.30833333333333
HPA-45-r0,328,4,25.0,0.9534603157952737,48.81666666666667
HPA-45-r0,328,5,25.0,0.8961157586353297,48.833333333333336
HPA-45-r0,328,6,25.0,0.9125103255359424,48.81666666666667
HPA-45-r0,328,7,25.0,0.9167314760278877,49.77777777777778
HPA-45-r0,328,8,25.0,0.9440944963273301,50.611111111111114
HPA-45-r0,328,9,25.0,0.9116679038063236,49.81666666666667
HPA-45-r0,328,10,35.0,1.6074627499232497,50.833333333333336
HPA-45-r0,328,11,25.0,0.8928328638324379,50.55555555555556
HPA-45-r0,329,1,55.0,4.0937112829792515,58.794444444444444
HPA-45-r0,329,2,60.0,4.702701551133337,61.87777777777778
HPA-45-r0,329,3,55.0,4.433508365150862,59.233333333333334
HPA-45-r0,329,4,55.0,4.005776581831199,59.69444444444444
HPA-45-r0,329,5,65.0,4.713120666338866,60.68333333333333
HPA-45-r0,329,6,55.0,4.289273432721652,60.475
HPA-45-r0,329,7,60.0,4.2202609089262655,59.03611111111111
HPA-45-r0,329,8,55.0,4.088503574682356,59.891666666666666
HPA-45-r0,329,9,55.0,4.021704646123913,60.66111111111111
HPA-45-r0,329,10,55.0,4.335988987200801,62.013888888888886
HPA-45-r0,329,11,55.0,4.031447014548362,58.891666666666666
PredHPA-r1,300,1,25.0,0.7204773730362324,67.5
PredHPA-r1,300,2,30.0,1.0702906433040615,66.725
PredHPA-r1,300,3,25.0,0.999082538086038,67.74166666666666
PredHPA-r1,300,4,35.0,2.138868108845593,74.04722222222222
PredHPA-r1,300,5,30.0,1.3044531352916833,73.91666666666667
PredHPA-r1,300,6,40.0,2.2603781113161636,77.44722222222222
PredHPA-r1,300,7,40.0,2.3378923961552167,77.99444444444444
PredHPA-r1,300,8,40.0,2.604935073023873,78.3638888888889
PredHPA-r1,300,9,30.0,1.373610804980141,71.375
PredHPA-r1,300,10,10.0,0.16016038265539434,68.1361111111111
PredHPA-r1,300,11,30.0,1.5402057063925056,73.16944444444445
PredHPA-r1,301,1,45.0,1.8578869579017554,71.75277777777778
PredHPA-r1,301,2,25.0,1.3842227480236002,71.7611111111111
PredHPA-r1,301,3,50.0,2.5599258467316033,75.05555555555556
PredHPA-r1,301,4,25.0,1.324722119190358,71.18333333333334
PredHPA-r1,301,5,30.0,1.6667896245966984,71.81111111111112
PredHPA-r1,301,6,45.0,2.243803491128016,74.68055555555556
PredHPA-r1,301,7,35.0,1.6697446898035762,71.7611111111111
PredHPA-r1,301,8,25.0,1.362504299374967,70.59166666666667
PredHPA-r1,301,9,30.0,1.3231128083114774,68.56944444444444
PredHPA-r1,301,10,25.0,1.3652702899644487,71.51666666666667
PredHPA-r1,301,11,25.0,1.3298889606214614,69.29722222222222
PredHPA-r1,302,1,70.0,4.172252345318772,83.77777777777777
PredHPA-r1,302,2,65.0,4.251783164590817,81.475
PredHPA-r1,302,3,65.0,4.4609118800504,82.82222222222222
PredHPA-r1,302,4,75.0,4.913760293432901,88.45555555555555
PredHPA-r1,302,5,70.0,4.348903469065357,81.71388888888889
PredHPA-r1,302,6,70.0,4.526999725346004,85.83611111111111
PredHPA-r1,302,7,70.0,4.42094083092549,83.18055555555556
PredHPA-r1,302,8,70.0,4.619069405967702,84.29444444444445
PredHPA-r1,302,9,70.0,4.547442946676005,83.34722222222223
PredHPA-r1,302,10,60.0,4.269531704863194,81.41944444444445
PredHPA-r1,302,11,65.0,4.359684367524929,80.9888888888889
PredHPA-r1,303,1,15.0,0.26594403907055364,67.6361111111111
PredHPA-r1,303,2,30.0,1.468001045141254,68.6361111111111
PredHPA-r1,303,3,15.0,0.1948072665389211,67.85
PredHPA-r1,303,4,10.0,0.21239014930668487,65.75
PredHPA-r1,303,5,40.0,2.2187229873703473,70.775
PredHPA-r1,303,6,15.0,0.2885138348894922,66.17777777777778
PredHPA-r1,303,7,10.0,0.07478029498539929,65.35277777777777
PredHPA-r1,303,8,30.0,1.6362544103768917,69.15555555555555
PredHPA-r1,303,9,30.0,1.6550874008178007,70.29722222222222
PredHPA-r1,303,10,35.0,1.867991854338591,69.74166666666666
PredHPA-r1,303,11,35.0,1.8538288655066237,69.23333333333333
PredHPA-r1,304,1,0.0,0.0,78.56666666666666
PredHPA-r1,304,2,0.0,0.0,78.46388888888889
PredHPA-r1,304,3,0.0,0.0,79.18611111111112
PredHPA-r1,304,4,0.0,0.0,77.61666666666666
PredHPA-r1,304,5,0.0,0.0,79.1
PredHPA-r1,304,6,0.0,0.0,77.63055555555556
PredHPA-r1,304,7,0.0,0.0,77.88333333333334
PredHPA-r1,304,8,0.0,0.0,80.42222222222222
PredHPA-r1,304,9,0.0,0.0,79.55
PredHPA-r1,304,10,0.0,0.0,79.80833333333334
PredHPA-r1,304,11,0.0,0.0,80.03611111111111
PredHPA-r1,305,1,25.0,1.564586326004913,71.15277777777777
PredHPA-r1,305,2,35.0,2.032581226109398,76.28055555555555
PredHPA-r1,305,3,20.0,1.39941025215784,74.5
PredHPA-r1,305,4,30.0,1.5174325498136687,74.06944444444444
PredHPA-r1,305,5,40.0,1.7838224031051286,75.40833333333333
PredHPA-r1,305,6,35.0,1.7471336621847078,73.78333333333333
PredHPA-r1,305,7,45.0,3.0110188875594135,82.94444444444444
PredHPA-r1,305,8,40.0,1.6994083831753493,74.5
PredHPA-r1,305,9,45.0,2.167021664854274,72.29166666666667
PredHPA-r1,305,10,35.0,1.7355130659489348,72.28055555555555
PredHPA-r1,305,11,30.0,1.6906877341345439,72.91944444444445
PredHPA-r1,306,1,35.0,1.6730037107632323,71.76388888888889
PredHPA-r1,306,2,30.0,1.5420090157247768,72.57777777777778
PredHPA-r1,306,3,35.0,2.1508826428748518,74.02777777777777
PredHPA-r1,306,4,25.0,1.0103938882624952,68.90277777777777
PredHPA-r1,306,5,30.0,1.1753732700704789,68.95277777777778
PredHPA-r1,306,6,40.0,2.685828398141632,77.325
PredHPA-r1,306,7,25.0,0.7258139653860907,66.83055555555555
PredHPA-r1,306,8,30.0,0.7625871236893289,70.36111111111111
PredHPA-r1,306,9,30.0,0.8706116086730109,70.00833333333334
PredHPA-r1,306,10,10.0,0.11322055032148004,67.84444444444445
PredHPA-r1,306,11,40.0,2.4383309777702533,78.37777777777778
PredHPA-r1,307,1,30.0,1.254231023629504,69.59722222222223
PredHPA-r1,307,2,35.0,1.6475886552168473,71.23611111111111
PredHPA-r1,307,3,30.0,1.3212601692340287,70.81944444444444
PredHPA-r1,307,4,50.0,2.6289870664297554,74.74444444444444
PredHPA-r1,307,5,40.0,2.0826436230411693,74.46666666666667
PredHPA-r1,307,6,30.0,1.523722471472555,70.92777777777778
PredHPA-r1,307,7,45.0,1.9512619514256313,73.7
PredHPA-r1,307,8,55.0,2.586609832677922,74.38333333333334
PredHPA-r1,307,9,50.0,2.402133856895683,74.41111111111111
PredHPA-r1,307,10,50.0,2.2948266646111826,74.075
PredHPA-r1,307,11,50.0,2.3308033355806113,74.57222222222222
PredHPA-r1,308,1,65.0,4.357152467652159,81.46944444444445
PredHPA-r1,308,2,70.0,4.550558062106969,81.31666666666666
PredHPA-r1,308,3,75.0,4.498323639239555,81.1
PredHPA-r1,308,4,65.0,4.39308376897809,81.95277777777778
PredHPA-r1,308,5,70.0,4.31855953695316,84.06388888888888
PredHPA-r1,308,6,70.0,4.580877491659841,84.39166666666667
PredHPA-r1,308,7,75.0,4.795241386722704,84.88333333333334
PredHPA-r1,308,8,75.0,5.396119970706081,84.58333333333333
PredHPA-r1,308,9,70.0,4.593301551301199,83.43333333333334
PredHPA-r1,308,10,70.0,4.632687491379384,82.82222222222222
PredHPA-r1,308,11,70.0,4.725691555341371,82.325
PredHPA-r1,309,1,35.0,2.035750045507212,70.10555555555555
PredHPA-r1,309,2,10.0,0.06352448327967553,67.18888888888888
PredHPA-r1,309,3,30.0,1.6170154292737826,69.33888888888889
PredHPA-r1,309,4,10.0,0.05622936445595084,67.32222222222222
PredHPA-r1,309,5,10.0,0.09254794169120117,65.86111111111111
PredHPA-r1,309,6,10.0,0.08902137068410587,66.79166666666667
PredHPA-r1,309,7,35.0,1.835116263951242,68.80555555555556
PredHPA-r1,309,8,10.0,0.07412093431763411,67.28055555555555
PredHPA-r1,309,9,15.0,0.26860042322068844,66.20833333333333
PredHPA-r1,309,10,10.0,0.0585097262148504,68.7388888888889
PredHPA-r1,309,11,10.0,0.1006080109585139,68.03333333333333
PredHPA-r1,310,1,0.0,0.0,79.82777777777778
PredHPA-r1,310,2,0.0,0.0,77.10277777777777
PredHPA-r1,310,3,0.0,0.0,77.97222222222223
PredHPA-r1,310,4,0.0,0.0,79.18055555555556
PredHPA-r1,310,5,0.0,0.0,79.15555555555555
PredHPA-r1,310,6,0.0,0.0,80.93333333333334
PredHPA-r1,310,7,0.0,0.0,77.97222222222223
PredHPA-r1,310,8,0.0,0.0,78.15
PredHPA-r1,310,9,0.0,0.0,80.58333333333333
PredHPA-r1,310,10,0.0,0.0,77.05
PredHPA-r1,310,11,0.0,0.0,79.46388888888889
PredHPA-r1,311,1,45.0,1.8677999303434278,75.32222222222222
PredHPA-r1,311,2,25.0,1.673344750243766,77.31111111111112
PredHPA-r1,311,3,35.0,1.318330321093708,73.41944444444445
PredHPA-r1,311,4,35.0,1.7044804932396462,71.03611111111111
PredHPA-r1,311,5,20.0,1.2333984364100714,73.68333333333334
PredHPA-r1,311,6,20.0,1.4661146279087323,72.76666666666667
PredHPA-r1,311,7,35.0,1.8760474452061748,71.92777777777778
PredHPA-r1,311,8,25.0,1.497414213336734,72.61666666666666
PredHPA-r1,311,9,40.0,1.8008632034982819,74.05277777777778
PredHPA-r1,311,10,35.0,1.5870538416698277,72.9888888888889
PredHPA-r1,311,11,35.0,1.5785587753749053,73.78055555555555
PredHPA-r1,312,1,25.0,0.4224030857405081,67.68888888888888
PredHPA-r1,312,2,25.0,0.9425830091200349,68.00833333333334
PredHPA-r1,312,3,25.0,0.5822874872599582,68.86111111111111
PredHPA-r1,312,4,40.0,3.043524688473276,78.67222222222222
PredHPA-r1,312,5,25.0,0.3683003029221421,69.84166666666667
PredHPA-r1,312,6,15.0,0.15401150153029342,69.0
PredHPA-r1,312,7,35.0,2.117495473862241,76.06944444444444
PredHPA-r1,312,8,35.0,2.291437773387117,74.98611111111111
PredHPA-r1,312,9,25.0,0.7450549637475712,67.94166666666666
PredHPA-r1,312,10,20.0,0.32478100397814735,68.17222222222222
PredHPA-r1,312,11,20.0,0.31892840179993387,67.875
PredHPA-r1,313,1,45.0,2.271652035249616,72.67222222222222
PredHPA-r1,313,2,50.0,2.634510811261459,74.91666666666667
PredHPA-r1,313,3,45.0,2.237001798218885,73.85555555555555
PredHPA-r1,313,4,55.0,2.605876343291258,76.63055555555556
PredHPA-r1,313,5,40.0,2.198946390959766,75.77222222222223
PredHPA-r1,313,6,55.0,2.367302088147971,76.30277777777778
PredHPA-r1,313,7,30.0,1.4999012128604217,70.76944444444445
PredHPA-r1,313,8,45.0,2.082896188451233,71.42777777777778
PredHPA-r1,313,9,30.0,1.5550586978693381,70.08611111111111
PredHPA-r1,313,10,30.0,1.4659563584074498,71.89444444444445
PredHPA-r1,313,11,25.0,1.3413724273442007,72.44444444444444
PredHPA-r1,314,1,60.0,3.898607264490739,82.11666666666666
PredHPA-r1,314,2,60.0,3.952352353507882,81.66944444444445
PredHPA-r1,314,3,75.0,4.836714196050806,84.74444444444444
PredHPA-r1,314,4,65.0,4.462121493581028,84.40277777777777
PredHPA-r1,314,5,70.0,4.702532586018027,85.07222222222222
PredHPA-r1,314,6,75.0,4.99475186030669,87.33055555555555
PredHPA-r1,314,7,65.0,4.495007277332441,83.38333333333334
PredHPA-r1,314,8,65.0,4.2956654481131835,81.13055555555556
PredHPA-r1,314,9,70.0,4.554687204225494,81.33055555555555
PredHPA-r1,314,10,70.0,4.348604607415252,80.19722222222222
PredHPA-r1,314,11,65.0,4.451520121444263,83.87222222222222
PredHPA-r1,315,1,35.0,1.8446149645758858,67.65277777777777
PredHPA-r1,315,2,5.0,0.06347625512687083,65.78055555555555
PredHPA-r1,315,3,45.0,2.4838111911306804,71.68055555555556
PredHPA-r1,315,4,35.0,1.8638179707624491,71.26666666666667
PredHPA-r1,315,5,40.0,1.903820988010363,67.71388888888889
PredHPA-r1,315,6,10.0,0.1364108366716854,66.53333333333333
PredHPA-r1,315,7,15.0,0.44853055587923407,66.21944444444445
PredHPA-r1,315,8,35.0,1.8273646468740856,69.43888888888888
PredHPA-r1,315,9,40.0,2.0183860130376097,73.08333333333333
PredHPA-r1,315,10,10.0,0.06444116078432316,67.64722222222223
PredHPA-r1,315,11,30.0,1.6248657061168514,69.39166666666667
PredHPA-r1,316,1,0.0,0.0,77.59166666666667
PredHPA-r1,316,2,0.0,0.0,79.24166666666666
PredHPA-r1,316,3,0.0,0.0,78.61666666666666
PredHPA-r1,316,4,0.0,0.0,81.225
PredHPA-r1,316,5,0.0,0.0,77.49444444444444
PredHPA-r1,316,6,0.0,0.0,78.12777777777778
PredHPA-r1,316,7,0.0,0.0,79.36666666666666
PredHPA-r1,316,8,0.0,0.0,78.31666666666666
PredHPA-r1,316,9,0.0,0.0,78.25277777777778
PredHPA-r1,316,10,0.0,0.0,78.7388888888889
PredHPA-r1,316,11,0.0,0.0,76.96666666666667
PredHPA-r1,317,1,25.0,1.5712027942106133,74.74444444444444
PredHPA-r1,317,2,25.0,1.4611865769822763,73.73333333333333
PredHPA-r1,317,3,25.0,1.5597522612547987,74.75833333333334
PredHPA-r1,317,4,25.0,1.4558996680756886,75.63888888888889
PredHPA-r1,317,5,30.0,1.664539884451266,73.75555555555556
PredHPA-r1,317,6,40.0,2.075868581953988,74.31666666666666
PredHPA-r1,317,7,30.0,1.7205667260734359,72.2611111111111
PredHPA-r1,317,8,25.0,1.498864562484048,71.87222222222222
PredHPA-r1,317,9,20.0,1.3671123524373496,72.42777777777778
PredHPA-r1,317,10,25.0,1.534175355036671,71.61111111111111
PredHPA-r1,317,11,35.0,1.7468608434936028,74.31666666666666
PredHPA-r1,318,1,35.0,1.964800036403136,75.47222222222223
PredHPA-r1,318,2,40.0,2.2076522439629542,74.98055555555555
PredHPA-r1,318,3,40.0,2.644794260877825,79.825
PredHPA-r1,318,4,30.0,1.356756195819686,72.33055555555555
PredHPA-r1,318,5,35.0,1.8100358352623247,71.24166666666666
PredHPA-r1,318,6,20.0,0.33460390591874,68.69444444444444
PredHPA-r1,318,7,20.0,0.3684621270814925,68.30555555555556
PredHPA-r1,318,8,25.0,0.8341972118719565,67.00555555555556
PredHPA-r1,318,9,30.0,0.9827732143338208,70.17777777777778
PredHPA-r1,318,10,30.0,0.9225361990045533,70.08888888888889
PredHPA-r1,318,11,25.0,0.4748332505769559,68.02222222222223
PredHPA-r1,319,1,35.0,1.6962380832982404,70.31666666666666
PredHPA-r1,319,2,30.0,1.4018264005892678,70.825
PredHPA-r1,319,3,45.0,2.316264162906001,75.58611111111111
PredHPA-r1,319,4,50.0,2.5082973496059258,74.24166666666666
PredHPA-r1,319,5,30.0,1.5861069522506321,73.52222222222223
PredHPA-r1,319,6,50.0,2.6467697802560197,77.31666666666666
PredHPA-r1,319,7,30.0,1.6140988022029679,70.55555555555556
PredHPA-r1,319,8,30.0,1.6142575552529848,72.73611111111111
PredHPA-r1,319,9,55.0,2.680555333584389,76.75277777777778
PredHPA-r1,319,10,45.0,2.087537759749447,71.79166666666667
PredHPA-r1,319,11,30.0,1.357991276460202,70.36111111111111
PredHPA-r1,320,1,65.0,3.9975962973284984,81.225
PredHPA-r1,320,2,70.0,4.357772421358486,78.71388888888889
PredHPA-r1,320,3,65.0,4.330301541745419,80.58333333333333
PredHPA-r1,320,4,70.0,4.4836904394172095,82.59722222222223
PredHPA-r1,320,5,75.0,4.8653114431825735,84.91666666666667
PredHPA-r1,320,6,70.0,4.280141912295521,81.06111111111112
PredHPA-r1,320,7,70.0,4.553488155534701,82.74166666666666
PredHPA-r1,320,8,60.0,4.052640982825084,83.21388888888889
PredHPA-r1,320,9,65.0,4.415669951708045,81.01944444444445
PredHPA-r1,320,10,65.0,4.398780279319214,81.25555555555556
PredHPA-r1,320,11,65.0,4.349488667876777,83.17777777777778
PredHPA-r1,321,1,10.0,0.16482905372766643,65.29166666666667
PredHPA-r1,321,2,0.0,0.02126515795851658,66.89444444444445
PredHPA-r1,321,3,35.0,2.0285342936667616,70.75833333333334
PredHPA-r1,321,4,10.0,0.07351635984303995,67.20833333333333
PredHPA-r1,321,5,15.0,0.1956667860210537,67.78055555555555
PredHPA-r1,321,6,5.0,0.03993237504648084,67.18888888888888
PredHPA-r1,321,7,40.0,2.127596032547896,70.8
PredHPA-r1,321,8,10.0,0.08319889937469238,65.18888888888888
PredHPA-r1,321,9,35.0,1.995719534514584,68.48333333333333
PredHPA-r1,321,10,10.0,0.07442515527018578,65.70833333333333
PredHPA-r1,321,11,40.0,2.0705933735049364,70.90833333333333
PredHPA-r1,322,1,0.0,0.0,78.54722222222222
PredHPA-r1,322,2,0.0,0.0,79.00833333333334
PredHPA-r1,322,3,0.0,0.0,77.95277777777778
PredHPA-r1,322,4,0.0,0.0,79.22222222222223
PredHPA-r1,322,5,0.0,0.0,79.09166666666667
PredHPA-r1,322,6,0.0,0.0,78.9888888888889
PredHPA-r1,322,7,0.0,0.0,81.1
PredHPA-r1,322,8,0.0,0.0,77.45555555555555
PredHPA-r1,322,9,0.0,0.0,79.88055555555556
PredHPA-r1,322,10,0.0,0.0,80.50555555555556
PredHPA-r1,322,11,0.0,0.0,78.1138888888889
PredHPA-r1,323,1,25.0,1.5583894211468219,75.13333333333334
PredHPA-r1,323,2,30.0,1.6790510687120896,76.5
PredHPA-r1,323,3,25.0,1.4890217106770964,75.25555555555556
PredHPA-r1,323,4,30.0,1.71140678170697,74.4
PredHPA-r1,323,5,35.0,1.7250764372785166,72.29722222222222
PredHPA-r1,323,6,25.0,1.5294560328875995,71.96111111111111
PredHPA-r1,323,7,25.0,1.4760669915010793,72.89444444444445
PredHPA-r1,323,8,40.0,1.692275688223277,75.24444444444444
PredHPA-r1,323,9,30.0,1.7065462278102794,74.06388888888888
PredHPA-r1,323,10,35.0,1.5929541671312109,76.01944444444445
PredHPA-r1,323,11,30.0,1.732986375678025,73.21944444444445
PredHPA-r1,324,1,40.0,2.362291724576826,75.90833333333333
PredHPA-r1,324,2,15.0,0.15738469369537267,67.97222222222223
PredHPA-r1,324,3,25.0,0.5932067949126041,68.48333333333333
PredHPA-r1,324,4,25.0,1.0305054912327805,67.93611111111112
PredHPA-r1,324,5,15.0,0.1339111715773944,67.31111111111112
PredHPA-r1,324,6,30.0,1.3888709038958225,72.84722222222223
PredHPA-r1,324,7,30.0,0.853568245495262,70.28611111111111
PredHPA-r1,324,8,15.0,0.3900415296745008,68.47222222222223
PredHPA-r1,324,9,35.0,2.0486470390912004,74.62222222222222
PredHPA-r1,324,10,35.0,1.5394052057567609,71.725
PredHPA-r1,324,11,35.0,1.903985210185677,72.6
PredHPA-r1,325,1,30.0,1.6171861182805447,71.57222222222222
PredHPA-r1,325,2,50.0,2.3931198768949113,73.53611111111111
PredHPA-r1,325,3,45.0,2.0024404891138436,74.33888888888889
PredHPA-r1,325,4,50.0,2.3060274834102,74.78333333333333
PredHPA-r1,325,5,25.0,1.3326550014989502,71.96944444444445
PredHPA-r1,325,6,30.0,1.2669515236312767,70.14444444444445
PredHPA-r1,325,7,30.0,1.5146703031637232,71.35555555555555
PredHPA-r1,325,8,30.0,1.3120933892534326,69.90833333333333
PredHPA-r1,325,9,30.0,1.359675743292188,72.38888888888889
PredHPA-r1,325,10,30.0,1.356243208633856,69.27777777777777
PredHPA-r1,325,11,30.0,1.608571911984713,71.64722222222223
PredHPA-r1,326,1,70.0,4.542593145452967,84.6138888888889
PredHPA-r1,326,2,60.0,4.171131582529364,83.29722222222222
PredHPA-r1,326,3,65.0,4.335212445861403,83.33055555555555
PredHPA-r1,326,4,65.0,4.2575377987120415,79.86944444444444
PredHPA-r1,326,5,70.0,4.399958236657331,82.18055555555556
PredHPA-r1,326,6,70.0,4.542679718570797,82.58333333333333
PredHPA-r1,326,7,65.0,4.303189321967382,81.42777777777778
PredHPA-r1,326,8,70.0,4.648703880564065,81.39166666666667
PredHPA-r1,326,9,65.0,4.647719916900616,82.93611111111112
PredHPA-r1,326,10,60.0,4.0633427841619385,79.91111111111111
PredHPA-r1,326,11,70.0,4.900122950483999,82.11111111111111
PredHPA-r1,327,1,40.0,2.1589092642479657,67.71944444444445
PredHPA-r1,327,2,10.0,0.1281147094105206,66.02777777777777
PredHPA-r1,327,3,25.0,1.2258311062612992,70.09722222222223
PredHPA-r1,327,4,35.0,2.004440440190325,70.3638888888889
PredHPA-r1,327,5,10.0,0.08041929138796755,66.70833333333333
PredHPA-r1,327,6,35.0,1.9964443640022589,69.68055555555556
PredHPA-r1,327,7,30.0,1.6535053221806484,68.8638888888889
PredHPA-r1,327,8,15.0,0.4297625350565659,66.25
PredHPA-r1,327,9,40.0,2.024405647091987,69.32222222222222
PredHPA-r1,327,10,45.0,2.8200383780161875,73.24444444444444
PredHPA-r1,327,11,10.0,0.1700105199693991,65.79166666666667
PredHPA-r1,328,1,0.0,0.0,77.66111111111111
PredHPA-r1,328,2,0.0,0.0,79.82222222222222
PredHPA-r1,328,3,0.0,0.0,79.24722222222222
PredHPA-r1,328,4,0.0,0.0,77.61666666666666
PredHPA-r1,328,5,0.0,0.0,78.23333333333333
PredHPA-r1,328,6,0.0,0.0,77.60555555555555
PredHPA-r1,328,7,0.0,0.0,80.68055555555556
PredHPA-r1,328,8,0.0,0.0,80.06388888888888
PredHPA-r1,328,9,0.0,0.0,78.09444444444445
PredHPA-r1,328,10,0.0,0.0,79.46111111111111
PredHPA-r1,328,11,0.0,0.0,77.0
PredHPA-r1,329,1,25.0,1.569688459114671,73.10277777777777
PredHPA-r1,329,2,20.0,1.561661642079104,73.32777777777778
PredHPA-r1,329,3,25.0,1.5169264991566678,73.41944444444445
PredHPA-r1,329,4,40.0,2.139428388429576,75.76944444444445
PredHPA-r1,329,5,25.0,1.4982548395718442,74.0111111111111
PredHPA-r1,329,6,20.0,1.2884544423418243,72.19166666666666
PredHPA-r1,329,7,25.0,1.4260445901928098,75.78333333333333
PredHPA-r1,329,8,25.0,1.4882728261116362,73.56944444444444
PredHPA-r1,329,9,25.0,1.6102522552760234,76.45833333333333
PredHPA-r1,329,10,25.0,1.6357462250933597,73.43055555555556
PredHPA-r1,329,11,30.0,1.538896944118362,72.0111111111111
ARC,300,1,20.0,1.140168309508316,60.794444444444444
ARC,300,2,20.0,1.137887027871487,63.8
ARC,300,3,20.0,1.130961320281354,64.92222222222222
ARC,300,4,15.0,0.4266616347417207,65.8638888888889
ARC,300,5,15.0,0.40927572982728533,66.33611111111111
ARC,300,6,15.0,0.39377535008512377,66.43611111111112
ARC,300,7,25.0,1.3370835526784641,66.04444444444445
ARC,300,8,15.0,0.5857880450726438,65.71111111111111
ARC,300,9,20.0,1.2021046268045121,65.52222222222223
ARC,300,10,5.0,0.08947980104432318,64.85555555555555
ARC,300,11,15.0,0.4289551041237072,66.39166666666667
ARC,301,1,30.0,1.8662239943460168,56.233333333333334
ARC,301,2,25.0,1.1124249942052744,57.888888888888886
ARC,301,3,25.0,1.252878723866968,58.96388888888889
ARC,301,4,25.0,1.2566435369781082,59.13611111111111
ARC,301,5,30.0,1.3290698885571772,59.36388888888889
ARC,301,6,30.0,1.270306122173137,58.86388888888889
ARC,301,7,25.0,1.3186459630984193,59.352777777777774
ARC,301,8,25.0,1.2750454694528846,58.725
ARC,301,9,25.0,1.253933207911495,59.00833333333333
ARC,301,10,25.0,1.2973213088416369,59.708333333333336
ARC,301,11,25.0,1.2649042893162266,58.90555555555556
ARC,302,1,60.0,3.7532177237673103,57.825
ARC,302,2,50.0,3.7530600367896905,61.425
ARC,302,3,50.0,3.389090640925174,63.580555555555556
ARC,302,4,50.0,2.9542496196061863,64.17777777777778
ARC,302,5,50.0,3.131465586554183,64.33333333333333
ARC,302,6,55.0,3.446325685788132,63.986111111111114
ARC,302,7,55.0,3.357795112312645,64.68611111111112
ARC,302,8,50.0,3.2267571430946607,64.28888888888889
ARC,302,9,45.0,3.154638688467226,64.46111111111111
ARC,302,10,50.0,3.4427544241166563,65.20833333333333
ARC,302,11,45.0,2.884755962413199,64.60555555555555
ARC,303,1,45.0,1.4867472923535852,56.50277777777778
ARC,303,2,35.0,1.339992744111962,57.58888888888889
ARC,303,3,35.0,1.6442063662731266,58.50833333333333
ARC,303,4,25.0,0.26925746695268815,58.98888888888889
ARC,303,5,15.0,0.09098070967212823,59.21111111111111
ARC,303,6,35.0,1.0737278668255024,57.44166666666667
ARC,303,7,20.0,0.11361628147738001,58.958333333333336
ARC,303,8,15.0,0.07270038873887774,58.19722222222222
ARC,303,9,35.0,1.4119961538575088,57.31111111111111
ARC,303,10,20.0,0.19180808607637267,57.43888888888889
ARC,303,11,25.0,0.15163848707968608,57.57222222222222
ARC,304,1,0.0,0.008851475935744979,66.66111111111111
ARC,304,2,0.0,0.0,66.11111111111111
ARC,304,3,0.0,0.0,67.41111111111111
ARC,304,4,0.0,0.0,65.95833333333333
ARC,304,5,0.0,0.0,66.44166666666666
ARC,304,6,0.0,0.0,65.25833333333334
ARC,304,7,0.0,0.0,65.18333333333334
ARC,304,8,5.0,0.053439676162947425,64.81944444444444
ARC,304,9,0.0,0.035376505095596755,64.76388888888889
ARC,304,10,5.0,0.06647476276163689,65.42222222222222
ARC,304,11,0.0,0.0,64.66944444444445
ARC,305,1,50.0,3.6828482120444983,58.797222222222224
ARC,305,2,25.0,1.255235855362502,61.47222222222222
ARC,305,3,30.0,1.2779346436602723,62.55277777777778
ARC,305,4,20.0,0.95588133996799,61.419444444444444
ARC,305,5,30.0,1.3914933154315134,62.047222222222224
ARC,305,6,5.0,0.02683695186934676,62.59444444444444
ARC,305,7,25.0,1.6066086053308837,63.922222222222224
ARC,305,8,25.0,1.326059511327582,62.53055555555556
ARC,305,9,30.0,1.2794746588165928,61.416666666666664
ARC,305,10,25.0,1.0433203850768735,61.18055555555556
ARC,305,11,0.0,0.003503324424269927,62.105555555555554
ARC,306,1,25.0,1.8549327802694027,56.49722222222222
ARC,306,2,25.0,1.8406027122783164,59.24166666666667
ARC,306,3,20.0,1.0999890915034616,59.394444444444446
ARC,306,4,25.0,1.5916405192667349,60.53333333333333
ARC,306,5,20.0,1.1596706381581723,60.00555555555555
ARC,306,6,20.0,1.0440943395566005,60.31388888888889
ARC,306,7,20.0,1.1255131633933768,61.4
ARC,306,8,25.0,1.2377738702954777,60.37222222222222
ARC,306,9,20.0,1.0785531588599961,60.84444444444444
ARC,306,10,20.0,1.037690670378677,60.047222222222224
ARC,306,11,20.0,1.1850388420028724,60.56388888888889
ARC,307,1,25.0,1.6069254281797507,53.916666666666664
ARC,307,2,25.0,1.2852241691973187,55.083333333333336
ARC,307,3,30.0,1.4422769692648996,56.81111111111111
ARC,307,4,30.0,1.310532362483019,57.172222222222224
ARC,307,5,25.0,1.228844403828333,57.16111111111111
ARC,307,6,25.0,1.1222145024997743,56.625
ARC,307,7,25.0,0.9813444489367718,57.43611111111111
ARC,307,8,25.0,1.298245990076441,57.525
ARC,307,9,30.0,1.624213553459053,57.37222222222222
ARC,307,10,25.0,1.145346316127993,57.65555555555556
ARC,307,11,25.0,1.1999253466909443,56.9
ARC,308,1,55.0,4.110737567526268,56.897222222222226
ARC,308,2,50.0,3.4967684597612347,61.077777777777776
ARC,308,3,55.0,3.5979689609144216,62.522222222222226
ARC,308,4,50.0,3.1636732591537875,63.56388888888889
ARC,308,5,50.0,3.3593565170834228,63.919444444444444
ARC,308,6,55.0,3.5192457723514647,63.544444444444444
ARC,308,7,55.0,3.39612804197168,63.141666666666666
ARC,308,8,55.0,3.82185288631689,63.46666666666667
ARC,308,9,50.0,3.0156172342298726,63.6
ARC,308,10,50.0,3.4571229499911205,63.58611111111111
ARC,308,11,50.0,3.13883484939782,62.858333333333334
ARC,309,1,40.0,1.727554718070179,54.641666666666666
ARC,309,2,45.0,1.869566887423113,55.94166666666667
ARC,309,3,35.0,1.6531580165685122,55.93611111111111
ARC,309,4,30.0,0.3704592491042269,55.88055555555555
ARC,309,5,40.0,1.6605258549111435,55.44444444444444
ARC,309,6,40.0,1.5111225043717535,55.233333333333334
ARC,309,7,35.0,1.303247457557144,55.80833333333333
ARC,309,8,40.0,1.5429037515725885,54.625
ARC,309,9,30.0,0.3648472543638981,55.15833333333333
ARC,309,10,35.0,1.5421942688120582,56.74166666666667
ARC,309,11,25.0,1.0375437104542917,57.69444444444444
ARC,310,1,30.0,0.9895528011485966,60.4
ARC,310,2,0.0,0.03604721385874754,59.769444444444446
ARC,310,3,5.0,0.04867500053586937,59.90833333333333
ARC,310,4,5.0,0.0638358580947962,59.81944444444444
ARC,310,5,5.0,0.05053169346158626,59.55
ARC,310,6,5.0,0.2505194909704689,56.980555555555554
ARC,310,7,0.0,0.0,58.672222222222224
ARC,310,8,0.0,0.020851805829247283,58.61388888888889
ARC,310,9,35.0,1.4907987905999787,59.25277777777778
ARC,310,10,5.0,0.04244974448193162,62.77777777777778
ARC,310,11,5.0,0.06933282647435535,61.55
ARC,311,1,55.0,2.9998622825185506,60.85
ARC,311,2,25.0,1.3833741995920246,62.797222222222224
ARC,311,3,20.0,0.8915500857606062,62.50277777777778
ARC,311,4,25.0,1.1357892295370875,62.1
ARC,311,5,40.0,2.2242285081042312,64.10555555555555
ARC,311,6,20.0,1.135866247855577,64.175
ARC,311,7,0.0,0.0,64.31666666666666
ARC,311,8,5.0,0.036179533316837986,62.99166666666667
ARC,311,9,15.0,1.0282357888557803,61.78611111111111
ARC,311,10,15.0,0.9782441300032807,61.1
ARC,311,11,35.0,1.549607507403472,63.48888888888889
ARC,312,1,30.0,1.9055815707511692,56.52777777777778
ARC,312,2,30.0,2.1276908941066153,59.44722222222222
ARC,312,3,20.0,1.1251613086853518,59.63333333333333
ARC,312,4,20.0,1.1761579915180453,59.986111111111114
ARC,312,5,20.0,1.2096038107181961,60.263888888888886
ARC,312,6,20.0,1.0926790826782162,60.50277777777778
ARC,312,7,20.0,1.1457819238607225,60.891666666666666
ARC,312,8,20.0,1.3227793522716635,61.42777777777778
ARC,312,9,20.0,1.1400974996469082,60.09444444444444
ARC,312,10,20.0,1.0951163545962705,61.01111111111111
ARC,312,11,20.0,1.099825021441303,61.041666666666664
ARC,313,1,25.0,1.2081922204691842,54.544444444444444
ARC,313,2,25.0,1.063414782529093,55.96944444444444
ARC,313,3,25.0,1.2316272605347844,57.27777777777778
ARC,313,4,25.0,1.3543671262009838,56.88333333333333
ARC,313,5,35.0,1.3546253516957707,58.34166666666667
ARC,313,6,25.0,1.1204037974488656,58.67777777777778
ARC,313,7,30.0,1.0065327149483827,58.35
ARC,313,8,20.0,0.8092696492048135,57.38333333333333
ARC,313,9,25.0,1.2505129164019912,58.08611111111111
ARC,313,10,0.0,0.0,57.98888888888889
ARC,313,11,30.0,1.5183795881885565,57.49166666666667
ARC,314,1,60.0,4.029588585505584,51.675
ARC,314,2,55.0,4.144720711514394,54.55
ARC,314,3,50.0,3.6168765305350403,56.37222222222222
ARC,314,4,50.0,3.7708807654898036,56.36388888888889
ARC,314,5,50.0,3.573395106035926,56.608333333333334
ARC,314,6,45.0,3.477034917548416,56.78333333333333
ARC,314,7,50.0,3.65621071412916,56.78055555555556
ARC,314,8,50.0,3.594535694148726,57.111111111111114
ARC,314,9,55.0,3.57516596470262,57.175
ARC,314,10,50.0,3.5076232511164207,57.358333333333334
ARC,314,11,50.0,3.52744814843694,56.71944444444444
ARC,315,1,40.0,1.6131612759364256,59.11944444444445
ARC,315,2,35.0,1.166485257696337,61.46666666666667
ARC,315,3,40.0,1.6306286294244132,62.16388888888889
ARC,315,4,25.0,0.6329897897112136,62.49166666666667
ARC,315,5,20.0,0.22384724643089715,61.61666666666667
ARC,315,6,5.0,0.05365438743640816,61.986111111111114
ARC,315,7,40.0,1.658272273126793,60.891666666666666
ARC,315,8,10.0,0.0704482560681341,62.769444444444446
ARC,315,9,0.0,0.016186563265208065,62.15277777777778
ARC,315,10,35.0,1.1285856442741382,60.46944444444444
ARC,315,11,15.0,0.22662049645126858,61.144444444444446
ARC,316,1,0.0,0.0,65.5111111111111
ARC,316,2,5.0,0.07333426460517378,65.8861111111111
ARC,316,3,5.0,0.05434957758942982,64.48055555555555
ARC,316,4,5.0,0.10942531063936611,64.88888888888889
ARC,316,5,0.0,0.03014668790990438,63.225
ARC,316,6,0.0,0.03649170547541658,63.47222222222222
ARC,316,7,0.0,0.030922081129336476,63.25833333333333
ARC,316,8,5.0,0.04823187707416743,63.53888888888889
ARC,316,9,5.0,0.05524193666234245,62.772222222222226
ARC,316,10,5.0,0.07383976271942982,62.61388888888889
ARC,316,11,0.0,0.031996048468396765,62.25555555555555
ARC,317,1,45.0,2.2882943934520283,56.327777777777776
ARC,317,2,40.0,1.7018523893660875,55.96388888888889
ARC,317,3,45.0,2.363542309796307,56.513888888888886
ARC,317,4,50.0,2.3349469596962824,59.34166666666667
ARC,317,5,0.0,0.0,61.48888888888889
ARC,317,6,5.0,0.08356231633951383,60.65555555555556
ARC,317,7,30.0,1.5145278447541655,57.625
ARC,317,8,50.0,2.602486987892305,59.53888888888889
ARC,317,9,0.0,0.0,61.30555555555556
ARC,317,10,15.0,0.5383581960113015,61.24166666666667
ARC,317,11,0.0,0.0,60.94444444444444
ARC,318,1,30.0,1.9329058899405283,60.827777777777776
ARC,318,2,20.0,1.1230176031630679,63.06388888888889
ARC,318,3,25.0,1.3352759106228906,65.625
ARC,318,4,15.0,0.48374807278661613,66.7
ARC,318,5,20.0,1.1561344408708707,65.54444444444445
ARC,318,6,25.0,1.2439420212124408,66.42222222222222
ARC,318,7,20.0,1.1075094415927578,65.73611111111111
ARC,318,8,10.0,0.2919702683224723,66.45555555555555
ARC,318,9,10.0,0.25684367420961696,66.10555555555555
ARC,318,10,10.0,0.266041953191154,65.10555555555555
ARC,318,11,20.0,1.1065729621101417,65.60833333333333
ARC,319,1,25.0,1.660701420104893,57.272222222222226
ARC,319,2,25.0,1.2755016670502717,58.42777777777778
ARC,319,3,30.0,1.223686089477427,59.452777777777776
ARC,319,4,25.0,1.273277103532433,60.205555555555556
ARC,319,5,25.0,1.3283130573737867,60.96944444444444
ARC,319,6,25.0,1.167212119806893,60.46666666666667
ARC,319,7,25.0,1.2619579683400328,60.575
ARC,319,8,25.0,1.0689731911185718,60.66111111111111
ARC,319,9,30.0,1.272533661278663,59.84722222222222
ARC,319,10,25.0,1.2685016068943678,59.71388888888889
ARC,319,11,25.0,1.2608244809895197,60.19722222222222
ARC,320,1,60.0,3.9120927947605577,53.68611111111111
ARC,320,2,60.0,3.798542745336264,56.28333333333333
ARC,320,3,50.0,3.446722128643831,59.141666666666666
ARC,320,4,25.0,1.5541319703011203,60.975
ARC,320,5,50.0,3.267202244959866,59.977777777777774
ARC,320,6,60.0,3.631679663012366,60.208333333333336
ARC,320,7,50.0,3.3124951163443606,59.36666666666667
ARC,320,8,60.0,3.988098631316772,59.769444444444446
ARC,320,9,50.0,3.3209850928198503,59.28888888888889
ARC,320,10,50.0,3.1507256284932117,59.75555555555555
ARC,320,11,45.0,3.2886240334244032,60.00277777777778
ARC,321,1,45.0,2.0585677625077903,60.075
ARC,321,2,30.0,1.2141144760124511,60.419444444444444
ARC,321,3,40.0,1.1777854896821927,61.56944444444444
ARC,321,4,15.0,0.10138532057453187,63.08611111111111
ARC,321,5,40.0,1.503120069568431,61.33611111111111
ARC,321,6,20.0,0.09930818750797377,61.894444444444446
ARC,321,7,15.0,0.09030515119780036,61.62222222222222
ARC,321,8,35.0,1.4814875189802734,60.15833333333333
ARC,321,9,15.0,0.16596907268258132,60.68055555555556
ARC,321,10,20.0,0.12332262771400648,61.125
ARC,321,11,40.0,1.1218040292772513,59.67777777777778
ARC,322,1,0.0,0.038822724626552674,59.852777777777774
ARC,322,2,5.0,0.0743418027131515,60.019444444444446
ARC,322,3,0.0,0.02416880445306191,59.66388888888889
ARC,322,4,5.0,0.06800322288914584,59.30833333333333
ARC,322,5,5.0,0.08136679556863813,59.25555555555555
ARC,322,6,5.0,0.04197292896037652,59.266666666666666
ARC,322,7,5.0,0.07782097910585817,59.15
ARC,322,8,0.0,0.029741551588691184,58.44444444444444
ARC,322,9,5.0,0.13391194033571807,57.66388888888889
ARC,322,10,5.0,0.13150724744236397,57.81111111111111
ARC,322,11,5.0,0.17361707423082517,57.666666666666664
ARC,323,1,50.0,2.581061582556754,58.28333333333333
ARC,323,2,50.0,2.717127691782484,60.361111111111114
ARC,323,3,25.0,1.2248992033925599,61.483333333333334
ARC,323,4,50.0,2.5008959278688514,64.25277777777778
ARC,323,5,20.0,1.1779614300958308,63.325
ARC,323,6,25.0,1.1828122645374584,64.2388888888889
ARC,323,7,0.0,0.005078182273787757,64.54166666666667
ARC,323,8,40.0,1.4021757065145635,63.736111111111114
ARC,323,9,25.0,0.9869332806498488,63.952777777777776
ARC,323,10,25.0,1.258713319106508,63.99722222222222
ARC,323,11,0.0,0.038318248509261466,63.794444444444444
ARC,324,1,25.0,1.8736754713797987,60.75555555555555
ARC,324,2,20.0,1.077035246887692,60.297222222222224
ARC,324,3,25.0,1.8349514279060175,63.725
ARC,324,4,20.0,1.1739063030092423,64.76666666666667
ARC,324,5,20.0,1.0856166333430561,65.60833333333333
ARC,324,6,25.0,1.3723258520545456,65.2
ARC,324,7,20.0,1.1316176310452009,65.575
ARC,324,8,20.0,1.1277735183012672,65.00555555555556
ARC,324,9,20.0,1.1490180057826538,65.80833333333334
ARC,324,10,20.0,1.1373658182002533,65.66111111111111
ARC,324,11,20.0,1.1395701410200854,65.61666666666666
ARC,325,1,30.0,1.685613598656821,56.00277777777778
ARC,325,2,30.0,1.612776629725643,55.99166666666667
ARC,325,3,25.0,1.05113471710091,57.97222222222222
ARC,325,4,25.0,1.0671797720462228,57.63333333333333
ARC,325,5,30.0,1.2635783888388818,57.93055555555556
ARC,325,6,25.0,1.1227781527279213,58.05277777777778
ARC,325,7,30.0,1.2329708793397454,57.55
ARC,325,8,25.0,1.1756017397010265,57.41111111111111
ARC,325,9,25.0,1.274769877146542,57.43888888888889
ARC,325,10,25.0,1.2605403498543666,57.53055555555556
ARC,325,11,25.0,1.2935602900268406,57.425
ARC,326,1,55.0,3.842324421820531,56.98888888888889
ARC,326,2,55.0,3.2398572925484315,60.08888888888889
ARC,326,3,50.0,3.1707363096423857,63.1
ARC,326,4,50.0,2.972159209930869,63.891666666666666
ARC,326,5,50.0,3.3349507368344966,63.46944444444444
ARC,326,6,45.0,3.1134128647812287,63.325
ARC,326,7,50.0,2.949017317496805,63.625
ARC,326,8,50.0,2.929261334355593,63.25277777777778
ARC,326,9,55.0,3.6410001362168543,62.608333333333334
ARC,326,10,55.0,3.3678373243634874,62.99444444444445
ARC,326,11,50.0,3.4324913790412137,63.48888888888889
ARC,327,1,45.0,1.9789750895379932,60.138888888888886
ARC,327,2,15.0,0.08600120458430727,62.325
ARC,327,3,35.0,1.2603669669763007,60.986111111111114
ARC,327,4,45.0,1.7336104603064117,61.94444444444444
ARC,327,5,15.0,0.1040617250238185,62.986111111111114
ARC,327,6,30.0,1.2475712764800306,61.16388888888889
ARC,327,7,35.0,1.4099488926120562,61.0
ARC,327,8,20.0,0.2770849426688704,62.355555555555554
ARC,327,9,30.0,1.4926562829784662,63.56111111111111
ARC,327,10,25.0,1.2310888276144127,62.68611111111111
ARC,327,11,30.0,1.5463807318254807,61.475
ARC,328,1,0.0,0.0,61.102777777777774
ARC,328,2,5.0,0.056368467893397334,61.47222222222222
ARC,328,3,5.0,0.05788863252630394,61.53888888888889
ARC,328,4,5.0,0.06038274607941263,60.68611111111111
ARC,328,5,0.0,0.0,60.57222222222222
ARC,328,6,0.0,0.0,60.147222222222226
ARC,328,7,5.0,0.1269945401808914,59.22222222222222
ARC,328,8,0.0,0.0,59.68333333333333
ARC,328,9,5.0,0.07566690681344301,59.80833333333333
ARC,328,10,5.0,0.0817162216604439,59.90833333333333
ARC,328,11,0.0,0.021974689548476256,59.077777777777776
ARC,329,1,30.0,2.2064904221769432,61.919444444444444
ARC,329,2,20.0,1.285992432615335,62.13611111111111
ARC,329,3,45.0,2.166152383307618,64.89444444444445
ARC,329,4,10.0,0.09418115024603102,65.24166666666666
ARC,329,5,5.0,0.028064163252006225,64.81388888888888
ARC,329,6,20.0,0.957828066145594,63.09722222222222
ARC,329,7,20.0,0.9413621089903068,63.541666666666664
ARC,329,8,25.0,1.2455129121066277,63.111111111111114
ARC,329,9,25.0,1.3293042791257537,63.352777777777774
ARC,329,10,30.0,1.864829241412247,62.22222222222222
ARC,329,11,25.0,1.2757519306705656,61.81666666666667
ARC-r0,300,1,15.0,0.8004137630561958,60.794444444444444
ARC-r0,300,2,15.0,0.8803893716251565,63.797222222222224
ARC-r0,300,3,15.0,0.8504404556161083,64.92222222222222
ARC-r0,300,4,10.0,0.16128786790290395,65.8638888888889
ARC-r0,300,5,10.0,0.13099857644720547,66.33611111111111
ARC-r0,300,6,10.0,0.13025453040522716,66.43611111111112
ARC-r0,300,7,15.0,0.9988011231726546,66.04444444444445
ARC-r0,300,8,10.0,0.18769599308057217,65.71111111111111
ARC-r0,300,9,15.0,0.8888804335859035,65.51944444444445
ARC-r0,300,10,5.0,0.06559212870922426,65.04444444444445
ARC-r0,300,11,15.0,0.9842335201856511,65.85
ARC-r0,301,1,30.0,1.8662239943460168,56.233333333333334
ARC-r0,301,2,20.0,0.7031220557099815,57.888888888888886
ARC-r0,301,3,15.0,0.48962199604685175,58.96388888888889
ARC-r0,301,4,15.0,0.4696997038645345,59.13611111111111
ARC-r0,301,5,20.0,0.7655164601620856,59.36388888888889
ARC-r0,301,6,15.0,0.5283947642027664,58.86388888888889
ARC-r0,301,7,15.0,0.515539789446362,59.352777777777774
ARC-r0,301,8,15.0,0.6287255958908777,58.72222222222222
ARC-r0,301,9,15.0,0.48760268699763465,59.00833333333333
ARC-r0,301,10,15.0,0.6606061420766141,59.86944444444445
ARC-r0,301,11,15.0,0.5005492615463458,58.56944444444444
ARC-r0,302,1,55.0,3.6839015856615864,57.825
ARC-r0,302,2,50.0,3.7530600367896905,61.425
ARC-r0,302,3,50.0,3.187959063777257,63.580555555555556
ARC-r0,302,4,45.0,2.781550361075247,64.17777777777778
ARC-r0,302,5,50.0,2.8164826482361516,64.33333333333333
ARC-r0,302,6,55.0,3.2648872964041398,63.986111111111114
ARC-r0,302,7,55.0,3.2172111148125793,64.68611111111112
ARC-r0,302,8,50.0,3.189864861259961,64.28888888888889
ARC-r0,302,9,45.0,2.969958241729853,64.46111111111111
ARC-r0,302,10,50.0,3.241681551368847,65.20833333333333
ARC-r0,302,11,45.0,2.7062002844963517,64.60555555555555
ARC-r0,303,1,30.0,1.1653486222441778,56.83611111111111
ARC-r0,303,2,30.0,1.2493788364824732,57.59166666666667
ARC-r0,303,3,35.0,1.5880316465891609,58.50833333333333
ARC-r0,303,4,15.0,0.09249907772516108,59.43611111111111
ARC-r0,303,5,15.0,0.2186464398202359,58.486111111111114
ARC-r0,303,6,15.0,0.09148879589265801,58.25555555555555
ARC-r0,303,7,35.0,1.478229063845693,57.71388888888889
ARC-r0,303,8,10.0,0.04830137944962232,58.11666666666667
ARC-r0,303,9,35.0,1.4604733005583181,57.833333333333336
ARC-r0,303,10,25.0,0.23357844735458766,56.916666666666664
ARC-r0,303,11,30.0,1.010524037193583,57.53333333333333
ARC-r0,304,1,0.0,0.008851475935744979,66.66111111111111
ARC-r0,304,2,0.0,0.0,66.11111111111111
ARC-r0,304,3,0.0,0.0,67.41111111111111
ARC-r0,304,4,0.0,0.0,65.95833333333333
ARC-r0,304,5,0.0,0.0,66.44166666666666
ARC-r0,304,6,0.0,0.0,65.25833333333334
ARC-r0,304,7,0.0,0.0,65.18333333333334
ARC-r0,304,8,5.0,0.053439676162947425,64.81944444444444
ARC-r0,304,9,0.0,0.035376505095596755,64.76388888888889
ARC-r0,304,10,5.0,0.06647476276163689,65.42222222222222
ARC-r0,304,11,0.0,0.0,64.66944444444445
ARC-r0,305,1,35.0,2.2237560892421238,58.56388888888889
ARC-r0,305,2,20.0,1.035574922412541,60.775
ARC-r0,305,3,25.0,1.005786218996474,60.69444444444444
ARC-r0,305,4,30.0,1.2255363395815344,61.50833333333333
ARC-r0,305,5,20.0,1.1891592641123827,62.31666666666667
ARC-r0,305,6,5.0,0.0249736105631726,62.99722222222222
ARC-r0,305,7,25.0,1.3776456534436154,64.06388888888888
ARC-r0,305,8,15.0,0.8792117544428213,63.23888888888889
ARC-r0,305,9,20.0,1.018459558557161,62.40277777777778
ARC-r0,305,10,20.0,0.9563097281263699,62.15
ARC-r0,305,11,0.0,0.00507107439969845,62.00555555555555
ARC-r0,306,1,25.0,1.8549327802694027,56.49722222222222
ARC-r0,306,2,25.0,1.8406027122783164,59.24166666666667
ARC-r0,306,3,15.0,1.0788778968217283,59.394444444444446
ARC-r0,306,4,15.0,0.8657236265044221,60.53333333333333
ARC-r0,306,5,15.0,0.8730130465772756,60.00555555555555
ARC-r0,306,6,15.0,0.6243401270336846,60.31388888888889
ARC-r0,306,7,15.0,0.8202075943827603,61.4
ARC-r0,306,8,15.0,0.7917818610082339,60.37222222222222
ARC-r0,306,9,15.0,0.8687708685658602,60.84444444444444
ARC-r0,306,10,15.0,0.6660039639272086,60.047222222222224
ARC-r0,306,11,15.0,1.1328131181153167,60.56388888888889
ARC-r0,307,1,25.0,1.6069254281797507,53.916666666666664
ARC-r0,307,2,15.0,0.6645135602074248,55.083333333333336
ARC-r0,307,3,15.0,0.5169908026527725,56.81111111111111
ARC-r0,307,4,15.0,0.4996781410877893,57.172222222222224
ARC-r0,307,5,15.0,0.4998154660237897,57.16111111111111
ARC-r0,307,6,15.0,0.42470697590244466,56.625
ARC-r0,307,7,15.0,0.3391275858388276,57.43611111111111
ARC-r0,307,8,15.0,0.7238809511596056,57.080555555555556
ARC-r0,307,9,15.0,0.7699242778093196,58.06388888888889
ARC-r0,307,10,15.0,0.5199942588502093,57.983333333333334
ARC-r0,307,11,15.0,0.43611865042280096,56.775
ARC-r0,308,1,55.0,4.110737567526268,56.897222222222226
ARC-r0,308,2,50.0,3.4967684597612347,61.077777777777776
ARC-r0,308,3,50.0,3.2251249921988023,62.522222222222226
ARC-r0,308,4,50.0,2.9084099163705357,63.56388888888889
ARC-r0,308,5,50.0,3.194440102483198,63.919444444444444
ARC-r0,308,6,55.0,3.3573775008173823,63.544444444444444
ARC-r0,308,7,55.0,3.219973126545439,63.141666666666666
ARC-r0,308,8,55.0,3.626437115831993,63.46666666666667
ARC-r0,308,9,50.0,2.8333913013755874,63.6
ARC-r0,308,10,50.0,3.262399065709254,63.58611111111111
ARC-r0,308,11,50.0,2.977094893452392,62.858333333333334
ARC-r0,309,1,35.0,1.6471384033273417,56.28611111111111
ARC-r0,309,2,30.0,0.9847628382410711,55.93333333333333
ARC-r0,309,3,40.0,1.7040018312499239,55.93611111111111
ARC-r0,309,4,15.0,0.08695945289907137,56.858333333333334
ARC-r0,309,5,35.0,1.4078310429083807,55.922222222222224
ARC-r0,309,6,30.0,1.258335034901581,55.35
ARC-r0,309,7,30.0,1.2213333388371272,55.56111111111111
ARC-r0,309,8,30.0,1.2345739651880794,54.92777777777778
ARC-r0,309,9,30.0,1.2652336681807208,55.09722222222222
ARC-r0,309,10,35.0,1.2959889564644334,54.638888888888886
ARC-r0,309,11,35.0,1.4884987104062497,54.84722222222222
ARC-r0,310,1,30.0,0.9260674045883821,60.4
ARC-r0,310,2,0.0,0.03604721385874754,59.769444444444446
ARC-r0,310,3,5.0,0.04867500053586937,59.90833333333333
ARC-r0,310,4,5.0,0.0638358580947962,59.81944444444444
ARC-r0,310,5,5.0,0.05053169346158626,59.55
ARC-r0,310,6,5.0,0.2505194909704689,56.980555555555554
ARC-r0,310,7,0.0,0.0,58.672222222222224
ARC-r0,310,8,0.0,0.020851805829247283,58.61388888888889
ARC-r0,310,9,35.0,1.433036954872613,59.25277777777778
ARC-r0,310,10,5.0,0.04244974448193162,62.77777777777778
ARC-r0,310,11,5.0,0.06933282647435535,61.55
ARC-r0,311,1,40.0,2.113515967858315,60.99166666666667
ARC-r0,311,2,20.0,1.2654846615102966,62.80277777777778
ARC-r0,311,3,15.0,0.6671023390097286,62.6
ARC-r0,311,4,0.0,0.029853729215778557,62.458333333333336
ARC-r0,311,5,0.0,0.0,61.61388888888889
ARC-r0,311,6,25.0,1.1086935724810787,60.28333333333333
ARC-r0,311,7,25.0,1.1283496814358807,61.93611111111111
ARC-r0,311,8,0.0,0.0,63.59166666666667
ARC-r0,311,9,20.0,1.0420338612078917,62.66388888888889
ARC-r0,311,10,15.0,0.869490059619138,62.525
ARC-r0,311,11,20.0,1.0403911906486818,61.63055555555555
ARC-r0,312,1,30.0,1.9055815707511692,56.52777777777778
ARC-r0,312,2,30.0,1.834656491559139,59.44722222222222
ARC-r0,312,3,15.0,0.7867285507580202,59.63333333333333
ARC-r0,312,4,15.0,0.8872967578806623,59.986111111111114
ARC-r0,312,5,15.0,0.7516186110960721,60.263888888888886
ARC-r0,312,6,15.0,0.7116056797734083,60.50277777777778
ARC-r0,312,7,15.0,1.1233188593014587,60.891666666666666
ARC-r0,312,8,15.0,1.2201716045621924,61.42777777777778
ARC-r0,312,9,15.0,0.8126044235194585,60.09444444444444
ARC-r0,312,10,15.0,0.7525387653041005,60.980555555555554
ARC-r0,312,11,15.0,0.7515876043646563,60.71666666666667
ARC-r0,313,1,15.0,0.38528377523906476,54.602777777777774
ARC-r0,313,2,15.0,0.618575956638312,55.858333333333334
ARC-r0,313,3,15.0,0.5211612764857931,57.669444444444444
ARC-r0,313,4,0.0,0.0,57.638888888888886
ARC-r0,313,5,15.0,0.5852782131608225,57.105555555555554
ARC-r0,313,6,20.0,0.505551505818369,57.06944444444444
ARC-r0,313,7,15.0,0.32453098971916283,57.52777777777778
ARC-r0,313,8,20.0,0.6735757679702137,56.958333333333336
ARC-r0,313,9,15.0,0.5067388519267468,57.38611111111111
ARC-r0,313,10,0.0,0.0,57.580555555555556
ARC-r0,313,11,15.0,0.5666027920942951,56.52777777777778
ARC-r0,314,1,60.0,4.013163197510183,51.675
ARC-r0,314,2,55.0,4.144720711514394,54.55
ARC-r0,314,3,50.0,3.6168765305350403,56.37222222222222
ARC-r0,314,4,50.0,3.7708807654898036,56.36388888888889
ARC-r0,314,5,50.0,3.535891583773554,56.608333333333334
ARC-r0,314,6,45.0,3.477034917548416,56.78333333333333
ARC-r0,314,7,50.0,3.6410530597318247,56.78055555555556
ARC-r0,314,8,50.0,3.5707364574051215,57.111111111111114
ARC-r0,314,9,55.0,3.5506534291255942,57.175
ARC-r0,314,10,50.0,3.4885017651608785,57.358333333333334
ARC-r0,314,11,50.0,3.5162806518598155,56.71944444444444
ARC-r0,315,1,30.0,1.2334535931894042,60.11666666666667
ARC-r0,315,2,30.0,1.0844330183581108,61.025
ARC-r0,315,3,35.0,1.5471659083905132,62.166666666666664
ARC-r0,315,4,20.0,0.16868767260624917,62.49166666666667
ARC-r0,315,5,15.0,0.0955864979196086,62.391666666666666
ARC-r0,315,6,0.0,0.03514425104561569,61.98888888888889
ARC-r0,315,7,35.0,1.4354884255309508,61.147222222222226
ARC-r0,315,8,10.0,0.07619695513879643,62.35
ARC-r0,315,9,0.0,0.016186563265208065,61.333333333333336
ARC-r0,315,10,35.0,1.5049240551216703,60.74444444444445
ARC-r0,315,11,5.0,0.054728718532226495,61.53888888888889
ARC-r0,316,1,0.0,0.0,65.5111111111111
ARC-r0,316,2,5.0,0.07333426460517378,65.8861111111111
ARC-r0,316,3,5.0,0.05434957758942982,64.48055555555555
ARC-r0,316,4,5.0,0.10942531063936611,64.88888888888889
ARC-r0,316,5,0.0,0.03014668790990438,63.225
ARC-r0,316,6,0.0,0.03649170547541658,63.47222222222222
ARC-r0,316,7,0.0,0.030922081129336476,63.25833333333333
ARC-r0,316,8,5.0,0.04823187707416743,63.53888888888889
ARC-r0,316,9,5.0,0.05524193666234245,62.772222222222226
ARC-r0,316,10,5.0,0.07383976271942982,62.61388888888889
ARC-r0,316,11,0.0,0.031996048468396765,62.25555555555555
ARC-r0,317,1,30.0,1.3960036091215877,56.33611111111111
ARC-r0,317,2,30.0,1.2013050456422203,55.975
ARC-r0,317,3,35.0,1.4360716428500786,56.358333333333334
ARC-r0,317,4,30.0,1.1133097955557947,58.05833333333333
ARC-r0,317,5,10.0,0.10895462010332979,60.019444444444446
ARC-r0,317,6,10.0,0.2077731253647408,59.830555555555556
ARC-r0,317,7,10.0,0.2514023196071191,60.047222222222224
ARC-r0,317,8,20.0,1.0106132535647405,59.230555555555554
ARC-r0,317,9,10.0,0.1895788982899993,61.647222222222226
ARC-r0,317,10,0.0,0.014449126863369521,60.422222222222224
ARC-r0,317,11,10.0,0.22391091935304308,61.144444444444446
ARC-r0,318,1,30.0,1.9329058899405283,60.827777777777776
ARC-r0,318,2,15.0,0.8993559783552874,63.06388888888889
ARC-r0,318,3,15.0,0.9978220554709205,65.625
ARC-r0,318,4,10.0,0.18952588472544996,66.7
ARC-r0,318,5,15.0,0.9080035284193433,65.54444444444445
ARC-r0,318,6,15.0,0.7450527536459028,66.42222222222222
ARC-r0,318,7,15.0,0.7684359480620517,65.73611111111111
ARC-r0,318,8,10.0,0.11193392270598679,66.45555555555555
ARC-r0,318,9,10.0,0.10083130672631224,65.54444444444445
ARC-r0,318,10,15.0,0.861153499028755,65.26944444444445
ARC-r0,318,11,10.0,0.09625381972969693,65.85
ARC-r0,319,1,25.0,1.660701420104893,57.272222222222226
ARC-r0,319,2,15.0,0.5979915341853936,58.42777777777778
ARC-r0,319,3,15.0,0.35286758157168086,59.452777777777776
ARC-r0,319,4,15.0,0.647633129298153,60.202777777777776
ARC-r0,319,5,15.0,0.6499095052511339,60.96944444444444
ARC-r0,319,6,15.0,0.44321328223936307,60.46666666666667
ARC-r0,319,7,15.0,0.6325341407208529,60.575
ARC-r0,319,8,20.0,0.7321500348363763,60.66111111111111
ARC-r0,319,9,15.0,0.6335076579296994,59.84722222222222
ARC-r0,319,10,15.0,0.6297715464216092,59.71388888888889
ARC-r0,319,11,15.0,0.5664964386038807,60.19722222222222
ARC-r0,320,1,60.0,3.811395308116383,53.852777777777774
ARC-r0,320,2,60.0,3.7348281963129337,56.28333333333333
ARC-r0,320,3,50.0,3.4046825217667886,59.141666666666666
ARC-r0,320,4,25.0,1.5541319703011203,60.975
ARC-r0,320,5,50.0,3.239819801731192,59.977777777777774
ARC-r0,320,6,60.0,3.605033256445056,60.208333333333336
ARC-r0,320,7,50.0,3.3102363392467193,59.36666666666667
ARC-r0,320,8,60.0,3.969299751402955,59.769444444444446
ARC-r0,320,9,50.0,3.302566218443337,59.28888888888889
ARC-r0,320,10,50.0,3.067326488162425,59.75555555555555
ARC-r0,320,11,45.0,3.240768213078815,60.00277777777778
ARC-r0,321,1,40.0,1.9780487968488525,60.075
ARC-r0,321,2,30.0,1.1464802346001335,60.419444444444444
ARC-r0,321,3,30.0,1.1889417875069475,62.50555555555555
ARC-r0,321,4,15.0,0.10433888071096353,62.75
ARC-r0,321,5,30.0,1.1640071646588535,61.07222222222222
ARC-r0,321,6,15.0,0.07174339356141868,61.894444444444446
ARC-r0,321,7,5.0,0.05865832493938683,61.62222222222222
ARC-r0,321,8,35.0,1.4229093933011638,60.15833333333333
ARC-r0,321,9,15.0,0.07724657879957242,61.894444444444446
ARC-r0,321,10,30.0,0.9920287699491825,59.91111111111111
ARC-r0,321,11,30.0,1.0032663125032815,59.71944444444444
ARC-r0,322,1,0.0,0.038822724626552674,59.852777777777774
ARC-r0,322,2,5.0,0.0743418027131515,60.019444444444446
ARC-r0,322,3,0.0,0.02416880445306191,59.66388888888889
ARC-r0,322,4,5.0,0.06800322288914584,59.30833333333333
ARC-r0,322,5,5.0,0.08136679556863813,59.25555555555555
ARC-r0,322,6,5.0,0.04197292896037652,59.266666666666666
ARC-r0,322,7,5.0,0.07782097910585817,59.15
ARC-r0,322,8,0.0,0.029741551588691184,58.44444444444444
ARC-r0,322,9,5.0,0.13391194033571807,57.66388888888889
ARC-r0,322,10,5.0,0.13150724744236397,57.81111111111111
ARC-r0,322,11,5.0,0.17361707423082517,57.666666666666664
ARC-r0,323,1,30.0,1.334919300203552,57.99166666666667
ARC-r0,323,2,30.0,1.3469596827923924,59.19722222222222
ARC-r0,323,3,35.0,1.186724793549676,61.55833333333333
ARC-r0,323,4,30.0,1.1231934984087144,63.769444444444446
ARC-r0,323,5,0.0,0.017928201670180943,63.66111111111111
ARC-r0,323,6,30.0,1.199902180285528,61.96388888888889
ARC-r0,323,7,35.0,1.3456683353966437,63.93055555555556
ARC-r0,323,8,20.0,1.0365416076738576,65.40555555555555
ARC-r0,323,9,5.0,0.05923784631263196,65.53611111111111
ARC-r0,323,10,15.0,0.3392426423028949,64.83333333333333
ARC-r0,323,11,15.0,0.3556021459901859,63.74722222222222
ARC-r0,324,1,25.0,1.8736754713797987,60.75555555555555
ARC-r0,324,2,15.0,0.712451153848559,60.297222222222224
ARC-r0,324,3,25.0,1.8349514279060175,63.725
ARC-r0,324,4,15.0,0.8626634859562055,64.76666666666667
ARC-r0,324,5,15.0,0.6800325545463504,65.60833333333333
ARC-r0,324,6,15.0,1.0319697856599586,65.2
ARC-r0,324,7,15.0,0.8176794412450006,65.575
ARC-r0,324,8,15.0,0.767824893467528,65.00555555555556
ARC-r0,324,9,15.0,0.9511922233968462,65.80833333333334
ARC-r0,324,10,15.0,0.8387282965038434,65.66111111111111
ARC-r0,324,11,15.0,0.909009303772701,65.61666666666666
ARC-r0,325,1,30.0,1.685613598656821,56.00277777777778
ARC-r0,325,2,30.0,1.612776629725643,55.99166666666667
ARC-r0,325,3,15.0,0.3464827905149015,57.97222222222222
ARC-r0,325,4,15.0,0.3753419763501631,57.63333333333333
ARC-r0,325,5,15.0,0.6222103390631339,57.93055555555556
ARC-r0,325,6,15.0,0.35608523810886084,58.047222222222224
ARC-r0,325,7,15.0,0.426992520611702,57.55
ARC-r0,325,8,15.0,0.49660506122339854,57.41111111111111
ARC-r0,325,9,15.0,0.5380425798294897,57.43888888888889
ARC-r0,325,10,15.0,0.5297373919539994,57.53055555555556
ARC-r0,325,11,20.0,0.653887057434055,57.425
ARC-r0,326,1,55.0,3.842324421820531,56.98888888888889
ARC-r0,326,2,55.0,3.203139675859956,60.08888888888889
ARC-r0,326,3,45.0,2.8701979130954736,63.1
ARC-r0,326,4,45.0,2.638074644268329,63.891666666666666
ARC-r0,326,5,45.0,3.0377000570252166,63.46944444444444
ARC-r0,326,6,45.0,3.0882987319436617,63.325
ARC-r0,326,7,50.0,2.768337987692304,63.625
ARC-r0,326,8,50.0,2.7885627203166785,63.25277777777778
ARC-r0,326,9,50.0,3.314675434705394,62.608333333333334
ARC-r0,326,10,55.0,3.209816920569042,62.99444444444445
ARC-r0,326,11,50.0,3.1196547992429102,63.48888888888889
ARC-r0,327,1,40.0,1.8944735974060767,60.138888888888886
ARC-r0,327,2,15.0,0.07964479242382749,62.325
ARC-r0,327,3,30.0,1.1698670197231031,60.986111111111114
ARC-r0,327,4,35.0,1.5059206733961106,61.94444444444444
ARC-r0,327,5,15.0,0.06875588153021361,62.90833333333333
ARC-r0,327,6,35.0,1.4039251510349127,61.077777777777776
ARC-r0,327,7,35.0,1.5922796979236153,60.63055555555555
ARC-r0,327,8,30.0,1.0639525449302467,60.666666666666664
ARC-r0,327,9,35.0,1.5590634827731487,61.25
ARC-r0,327,10,30.0,1.0112358954550649,60.78888888888889
ARC-r0,327,11,30.0,1.0850504786442228,59.90555555555556
ARC-r0,328,1,0.0,0.0,61.102777777777774
ARC-r0,328,2,5.0,0.056368467893397334,61.47222222222222
ARC-r0,328,3,5.0,0.05788863252630394,61.53888888888889
ARC-r0,328,4,5.0,0.06038274607941263,60.68611111111111
ARC-r0,328,5,0.0,0.0,60.57222222222222
ARC-r0,328,6,0.0,0.0,60.147222222222226
ARC-r0,328,7,5.0,0.1269945401808914,59.22222222222222
ARC-r0,328,8,0.0,0.0,59.68333333333333
ARC-r0,328,9,5.0,0.07566690681344301,59.80833333333333
ARC-r0,328,10,5.0,0.0817162216604439,59.90833333333333
ARC-r0,328,11,0.0,0.021974689548476256,59.077777777777776
ARC-r0,329,1,30.0,2.2064904221769432,61.919444444444444
ARC-r0,329,2,15.0,1.1443276234075483,62.13611111111111
ARC-r0,329,3,30.0,1.2687701711309396,64.09722222222223
ARC-r0,329,4,0.0,0.033708502300100474,63.980555555555554
ARC-r0,329,5,15.0,0.8287809871361351,63.81944444444444
ARC-r0,329,6,25.0,0.9156772899029608,64.01944444444445
ARC-r0,329,7,15.0,0.7874092828703216,65.18888888888888
ARC-r0,329,8,20.0,1.0181363959720136,64.68611111111112
ARC-r0,329,9,20.0,1.1283570500613904,64.11666666666666
ARC-r0,329,10,10.0,0.7998665187271436,62.90833333333333
ARC-r0,329,11,20.0,0.9901429991738819,62.46388888888889
ARC-r0-noChaos,300,1,25.0,1.847361724876584,58.888888888888886
ARC-r0-noChaos,300,2,15.0,0.8803893716251565,59.65277777777778
ARC-r0-noChaos,300,3,25.0,1.8558877733235057,58.830555555555556
ARC-r0-noChaos,300,4,15.0,1.0180511591712071,58.71111111111111
ARC-r0-noChaos,300,5,15.0,0.9794460176998809,58.888888888888886
ARC-r0-noChaos,300,6,15.0,0.933948350075442,59.21666666666667
ARC-r0-noChaos,300,7,25.0,1.8497308899848353,59.03888888888889
ARC-r0-noChaos,300,8,25.0,1.8681895745342847,59.391666666666666
ARC-r0-noChaos,300,9,25.0,1.8679091981414708,58.90833333333333
ARC-r0-noChaos,300,10,15.0,0.7048906856069737,58.88333333333333
ARC-r0-noChaos,300,11,15.0,0.9842335201856511,59.28333333333333
ARC-r0-noChaos,301,1,25.0,1.5897915926776474,56.230555555555554
ARC-r0-noChaos,301,2,30.0,1.6919935684908904,57.775
ARC-r0-noChaos,301,3,30.0,1.6855431376373131,56.12222222222222
ARC-r0-noChaos,301,4,30.0,1.8874008155431055,56.87222222222222
ARC-r0-noChaos,301,5,30.0,1.7029395290836469,57.71388888888889
ARC-r0-noChaos,301,6,30.0,1.6900449549530405,56.577777777777776
ARC-r0-noChaos,301,7,30.0,1.6758841804200952,57.34444444444444
ARC-r0-noChaos,301,8,30.0,1.6997337370974197,56.547222222222224
ARC-r0-noChaos,301,9,25.0,1.6443070875594823,56.516666666666666
ARC-r0-noChaos,301,10,30.0,1.688243488585317,57.68888888888889
ARC-r0-noChaos,301,11,25.0,1.6493185354925277,56.61944444444445
ARC-r0-noChaos,302,1,50.0,3.6409976617485684,55.958333333333336
ARC-r0-noChaos,302,2,65.0,4.12696118397834,56.59444444444444
ARC-r0-noChaos,302,3,50.0,3.7770325877999,55.763888888888886
ARC-r0-noChaos,302,4,60.0,4.442647010694822,56.638888888888886
ARC-r0-noChaos,302,5,55.0,3.816614661754647,56.455555555555556
ARC-r0-noChaos,302,6,55.0,4.15032728522805,55.7
ARC-r0-noChaos,302,7,50.0,3.671367218608279,56.50833333333333
ARC-r0-noChaos,302,8,50.0,3.7985386409845945,56.50555555555555
ARC-r0-noChaos,302,9,50.0,3.7974420047034663,57.138888888888886
ARC-r0-noChaos,302,10,50.0,3.7979371499155756,57.05833333333333
ARC-r0-noChaos,302,11,50.0,3.7148010088736583,56.475
ARC-r0-noChaos,303,1,15.0,0.09541967956363528,55.21388888888889
ARC-r0-noChaos,303,2,35.0,1.5181562452027508,54.733333333333334
ARC-r0-noChaos,303,3,35.0,1.4574733029198428,54.641666666666666
ARC-r0-noChaos,303,4,40.0,1.8289267746837923,55.025
ARC-r0-noChaos,303,5,35.0,1.595085165838861,54.78055555555556
ARC-r0-noChaos,303,6,40.0,1.8288239841546927,53.94722222222222
ARC-r0-noChaos,303,7,40.0,1.8187941361895499,54.297222222222224
ARC-r0-noChaos,303,8,30.0,1.2144671955989006,53.980555555555554
ARC-r0-noChaos,303,9,35.0,1.1797989152539268,54.925
ARC-r0-noChaos,303,10,25.0,0.20506638345733075,54.272222222222226
ARC-r0-noChaos,303,11,35.0,1.4706657840606985,54.56388888888889
ARC-r0-noChaos,304,1,0.0,0.008851475935744979,67.76666666666667
ARC-r0-noChaos,304,2,0.0,0.0,67.075
ARC-r0-noChaos,304,3,0.0,0.0,68.63055555555556
ARC-r0-noChaos,304,4,0.0,0.0,66.94444444444444
ARC-r0-noChaos,304,5,0.0,0.0,67.92222222222222
ARC-r0-noChaos,304,6,0.0,0.0,67.15
ARC-r0-noChaos,304,7,0.0,0.0,67.75833333333334
ARC-r0-noChaos,304,8,0.0,0.0,66.45833333333333
ARC-r0-noChaos,304,9,0.0,0.035376505095596755,68.38333333333334
ARC-r0-noChaos,304,10,0.0,0.0,68.46666666666667
ARC-r0-noChaos,304,11,0.0,0.0,67.1138888888889
ARC-r0-noChaos,305,1,35.0,2.2237560892421238,55.81111111111111
ARC-r0-noChaos,305,2,30.0,1.2429220179804523,56.80277777777778
ARC-r0-noChaos,305,3,25.0,1.005786218996474,56.08611111111111
ARC-r0-noChaos,305,4,45.0,2.4427031920270625,55.33611111111111
ARC-r0-noChaos,305,5,40.0,2.485541321155893,56.294444444444444
ARC-r0-noChaos,305,6,35.0,1.364562006355563,56.916666666666664
ARC-r0-noChaos,305,7,30.0,1.5044868552161472,57.25555555555555
ARC-r0-noChaos,305,8,40.0,2.5309709725450213,55.794444444444444
ARC-r0-noChaos,305,9,35.0,2.3609722672611633,55.18333333333333
ARC-r0-noChaos,305,10,35.0,2.2515237327030646,55.797222222222224
ARC-r0-noChaos,305,11,30.0,1.22150826626376,55.99166666666667
ARC-r0-noChaos,306,1,25.0,1.8549327802694027,55.69722222222222
ARC-r0-noChaos,306,2,25.0,1.8406027122783164,56.6
ARC-r0-noChaos,306,3,25.0,1.8490915503241778,55.175
ARC-r0-noChaos,306,4,35.0,2.2635609201570928,55.49722222222222
ARC-r0-noChaos,306,5,25.0,1.8261627492892174,55.61388888888889
ARC-r0-noChaos,306,6,25.0,1.7571966727351618,55.22222222222222
ARC-r0-noChaos,306,7,25.0,1.8054737862458814,55.46111111111111
ARC-r0-noChaos,306,8,30.0,1.9472012325868704,56.138888888888886
ARC-r0-noChaos,306,9,25.0,1.770659061203661,56.125
ARC-r0-noChaos,306,10,25.0,1.782493438121524,55.78611111111111
ARC-r0-noChaos,306,11,35.0,2.8347651450008504,56.733333333333334
ARC-r0-noChaos,307,1,30.0,1.6334786431015158,54.330555555555556
ARC-r0-noChaos,307,2,30.0,1.6690871507448968,55.041666666666664
ARC-r0-noChaos,307,3,30.0,1.9268199510792283,54.919444444444444
ARC-r0-noChaos,307,4,25.0,1.6387139606353185,54.50277777777778
ARC-r0-noChaos,307,5,30.0,1.658799401385569,55.18888888888889
ARC-r0-noChaos,307,6,25.0,1.6087490952338634,54.48888888888889
ARC-r0-noChaos,307,7,30.0,1.6336237205061832,55.09166666666667
ARC-r0-noChaos,307,8,25.0,1.646242908220108,54.794444444444444
ARC-r0-noChaos,307,9,25.0,1.667755344706856,55.516666666666666
ARC-r0-noChaos,307,10,30.0,1.6555611808194315,55.38333333333333
ARC-r0-noChaos,307,11,30.0,1.6529706990341397,54.58888888888889
ARC-r0-noChaos,308,1,55.0,4.110737567526268,55.71666666666667
ARC-r0-noChaos,308,2,50.0,3.4967684597612347,55.40277777777778
ARC-r0-noChaos,308,3,50.0,3.6857380001641404,54.52777777777778
ARC-r0-noChaos,308,4,50.0,3.7751333251940355,54.94166666666667
ARC-r0-noChaos,308,5,60.0,4.507976708180895,55.84722222222222
ARC-r0-noChaos,308,6,50.0,3.703575446144991,55.65
ARC-r0-noChaos,308,7,50.0,3.748328621444763,55.375
ARC-r0-noChaos,308,8,55.0,3.8249660591922696,55.68055555555556
ARC-r0-noChaos,308,9,50.0,3.7489767099802562,55.78333333333333
ARC-r0-noChaos,308,10,50.0,3.827515786171898,55.736111111111114
ARC-r0-noChaos,308,11,60.0,4.195465440277468,55.397222222222226
ARC-r0-noChaos,309,1,35.0,1.6471384033273417,54.03888888888889
ARC-r0-noChaos,309,2,40.0,1.782409316954503,52.7
ARC-r0-noChaos,309,3,30.0,1.2023747570968024,52.78333333333333
ARC-r0-noChaos,309,4,35.0,1.5941845150556855,52.78611111111111
ARC-r0-noChaos,309,5,35.0,1.4078310429083807,52.88333333333333
ARC-r0-noChaos,309,6,35.0,1.4900622171226785,52.78611111111111
ARC-r0-noChaos,309,7,40.0,1.8920730165190247,53.016666666666666
ARC-r0-noChaos,309,8,40.0,1.5064343055500529,52.16388888888889
ARC-r0-noChaos,309,9,35.0,1.6525459543624055,52.88055555555555
ARC-r0-noChaos,309,10,35.0,1.2818771073260349,52.49166666666667
ARC-r0-noChaos,309,11,40.0,1.888211451926547,52.80277777777778
ARC-r0-noChaos,310,1,30.0,0.9260674045883821,60.06111111111111
ARC-r0-noChaos,310,2,25.0,0.9960676708039462,59.225
ARC-r0-noChaos,310,3,30.0,0.9724446282137866,59.28888888888889
ARC-r0-noChaos,310,4,35.0,1.2694521994426777,58.708333333333336
ARC-r0-noChaos,310,5,5.0,0.05053169346158626,60.666666666666664
ARC-r0-noChaos,310,6,5.0,0.2505194909704689,57.96666666666667
ARC-r0-noChaos,310,7,0.0,0.0,59.43888888888889
ARC-r0-noChaos,310,8,0.0,0.020851805829247283,59.50833333333333
ARC-r0-noChaos,310,9,35.0,1.433036954872613,58.06944444444444
ARC-r0-noChaos,310,10,25.0,1.0671392096431975,59.394444444444446
ARC-r0-noChaos,310,11,30.0,1.2808002679283725,57.61666666666667
ARC-r0-noChaos,311,1,45.0,2.182962035190106,57.375
ARC-r0-noChaos,311,2,30.0,1.3811873762531124,57.27777777777778
ARC-r0-noChaos,311,3,25.0,0.9217437866414491,56.32222222222222
ARC-r0-noChaos,311,4,25.0,1.4157313176742292,56.48888888888889
ARC-r0-noChaos,311,5,25.0,0.9354522066253534,56.03611111111111
ARC-r0-noChaos,311,6,35.0,2.084885586968521,56.766666666666666
ARC-r0-noChaos,311,7,35.0,2.1724220696626384,56.94166666666667
ARC-r0-noChaos,311,8,25.0,1.9685374263455069,57.458333333333336
ARC-r0-noChaos,311,9,30.0,1.2908069353643636,57.861111111111114
ARC-r0-noChaos,311,10,30.0,1.244373497958129,57.675
ARC-r0-noChaos,311,11,35.0,2.1496232766524126,57.53333333333333
ARC-r0-noChaos,312,1,30.0,1.9055815707511692,55.62222222222222
ARC-r0-noChaos,312,2,25.0,1.798324210808988,55.93888888888889
ARC-r0-noChaos,312,3,25.0,1.8419263396443841,56.09444444444444
ARC-r0-noChaos,312,4,30.0,1.957259605131234,55.138888888888886
ARC-r0-noChaos,312,5,25.0,1.8301650164133432,55.394444444444446
ARC-r0-noChaos,312,6,35.0,2.3398932872452316,55.666666666666664
ARC-r0-noChaos,312,7,25.0,1.8556623218889956,55.725
ARC-r0-noChaos,312,8,30.0,1.979548904306505,55.55
ARC-r0-noChaos,312,9,25.0,1.8377518337490684,55.13333333333333
ARC-r0-noChaos,312,10,25.0,1.7786095543036562,55.36388888888889
ARC-r0-noChaos,312,11,30.0,1.9425396460539868,55.93055555555556
ARC-r0-noChaos,313,1,25.0,1.6261376420104945,54.00277777777778
ARC-r0-noChaos,313,2,30.0,1.684011749002956,54.263888888888886
ARC-r0-noChaos,313,3,30.0,1.9207497461245282,54.794444444444444
ARC-r0-noChaos,313,4,30.0,1.712020941335901,54.725
ARC-r0-noChaos,313,5,30.0,1.9384233004416385,54.169444444444444
ARC-r0-noChaos,313,6,25.0,1.6023765254706945,54.15277777777778
ARC-r0-noChaos,313,7,30.0,1.6393856029012888,54.37222222222222
ARC-r0-noChaos,313,8,30.0,1.931686030202806,53.94722222222222
ARC-r0-noChaos,313,9,30.0,1.6852796454440933,54.513888888888886
ARC-r0-noChaos,313,10,15.0,0.4290746635047138,54.275
ARC-r0-noChaos,313,11,30.0,1.6753306599572748,54.83888888888889
ARC-r0-noChaos,314,1,55.0,3.7305943131681563,50.65277777777778
ARC-r0-noChaos,314,2,50.0,3.806473678260125,50.791666666666664
ARC-r0-noChaos,314,3,60.0,4.337229611652682,49.88611111111111
ARC-r0-noChaos,314,4,45.0,3.4297034383641734,50.15277777777778
ARC-r0-noChaos,314,5,50.0,3.799269383940851,50.26111111111111
ARC-r0-noChaos,314,6,50.0,3.737539488808894,50.486111111111114
ARC-r0-noChaos,314,7,55.0,4.15530751983616,50.541666666666664
ARC-r0-noChaos,314,8,50.0,3.6955809476820645,50.516666666666666
ARC-r0-noChaos,314,9,50.0,3.7792473552594408,50.394444444444446
ARC-r0-noChaos,314,10,55.0,3.9149655884919587,49.96388888888889
ARC-r0-noChaos,314,11,50.0,3.7721284369343855,50.577777777777776
ARC-r0-noChaos,315,1,35.0,1.5164458521928048,56.983333333333334
ARC-r0-noChaos,315,2,35.0,1.6178875375447044,57.986111111111114
ARC-r0-noChaos,315,3,30.0,1.2027902420528758,57.641666666666666
ARC-r0-noChaos,315,4,35.0,1.6374454315623566,57.94166666666667
ARC-r0-noChaos,315,5,40.0,1.6163872131180868,57.80555555555556
ARC-r0-noChaos,315,6,15.0,0.22596022983073505,57.91111111111111
ARC-r0-noChaos,315,7,35.0,1.4354884255309508,57.361111111111114
ARC-r0-noChaos,315,8,35.0,1.4528466167468168,58.28611111111111
ARC-r0-noChaos,315,9,25.0,1.1476604624732767,58.18611111111111
ARC-r0-noChaos,315,10,35.0,1.5049240551216703,57.43611111111111
ARC-r0-noChaos,315,11,30.0,1.2087968055986997,57.605555555555554
ARC-r0-noChaos,316,1,0.0,0.0,66.03055555555555
ARC-r0-noChaos,316,2,0.0,0.0,66.6138888888889
ARC-r0-noChaos,316,3,5.0,0.05434957758942982,65.425
ARC-r0-noChaos,316,4,5.0,0.1096644717045514,66.32222222222222
ARC-r0-noChaos,316,5,0.0,0.03014668790990438,65.31388888888888
ARC-r0-noChaos,316,6,0.0,0.03649170547541658,65.26388888888889
ARC-r0-noChaos,316,7,0.0,0.030922081129336476,64.99722222222222
ARC-r0-noChaos,316,8,5.0,0.04823187707416743,65.56388888888888
ARC-r0-noChaos,316,9,5.0,0.05524193666234245,64.71388888888889
ARC-r0-noChaos,316,10,5.0,0.07383976271942982,65.45833333333333
ARC-r0-noChaos,316,11,0.0,0.031996048468396765,65.00277777777778
ARC-r0-noChaos,317,1,30.0,1.3960036091215877,54.03055555555556
ARC-r0-noChaos,317,2,30.0,1.2013050456422203,53.94166666666667
ARC-r0-noChaos,317,3,35.0,1.4360716428500786,53.76111111111111
ARC-r0-noChaos,317,4,30.0,1.1133097955557947,53.65555555555556
ARC-r0-noChaos,317,5,35.0,1.123053945883079,53.480555555555554
ARC-r0-noChaos,317,6,30.0,1.2785599531588976,53.919444444444444
ARC-r0-noChaos,317,7,30.0,1.2806774470718207,53.42777777777778
ARC-r0-noChaos,317,8,40.0,2.01815799349202,52.458333333333336
ARC-r0-noChaos,317,9,25.0,1.0485930693198364,53.46111111111111
ARC-r0-noChaos,317,10,35.0,1.768984759230452,53.56388888888889
ARC-r0-noChaos,317,11,30.0,1.1985809497648603,53.827777777777776
ARC-r0-noChaos,318,1,25.0,1.8695417646162338,59.87777777777778
ARC-r0-noChaos,318,2,15.0,0.8993559783552874,59.044444444444444
ARC-r0-noChaos,318,3,25.0,1.8400968852097077,60.53333333333333
ARC-r0-noChaos,318,4,15.0,1.0452402232020042,59.358333333333334
ARC-r0-noChaos,318,5,30.0,2.234250111197489,59.125
ARC-r0-noChaos,318,6,25.0,1.833445460696037,59.87222222222222
ARC-r0-noChaos,318,7,25.0,1.8121484520579267,59.38055555555555
ARC-r0-noChaos,318,8,15.0,0.833259149276222,58.97222222222222
ARC-r0-noChaos,318,9,25.0,1.8515869053870926,58.91111111111111
ARC-r0-noChaos,318,10,30.0,1.8829697086961361,60.02777777777778
ARC-r0-noChaos,318,11,25.0,1.8133003807528691,59.375
ARC-r0-noChaos,319,1,30.0,1.695009801709746,57.67777777777778
ARC-r0-noChaos,319,2,30.0,1.654866063659055,57.13333333333333
ARC-r0-noChaos,319,3,30.0,1.8771594024706184,57.03055555555556
ARC-r0-noChaos,319,4,25.0,1.6514009641315441,57.575
ARC-r0-noChaos,319,5,30.0,1.9337064214260513,57.575
ARC-r0-noChaos,319,6,30.0,1.653173147717335,58.11388888888889
ARC-r0-noChaos,319,7,30.0,1.9030616880102325,57.87222222222222
ARC-r0-noChaos,319,8,35.0,1.9794257052844655,58.375
ARC-r0-noChaos,319,9,30.0,1.6923064594732806,57.56944444444444
ARC-r0-noChaos,319,10,25.0,1.6465848276005168,57.37777777777778
ARC-r0-noChaos,319,11,35.0,1.9709847740348563,57.61388888888889
ARC-r0-noChaos,320,1,55.0,3.880926478352398,51.775
ARC-r0-noChaos,320,2,45.0,3.387713051448238,52.15833333333333
ARC-r0-noChaos,320,3,55.0,3.928888839565836,52.05277777777778
ARC-r0-noChaos,320,4,60.0,3.9128529139705215,52.98888888888889
ARC-r0-noChaos,320,5,55.0,3.796586683209424,52.84166666666667
ARC-r0-noChaos,320,6,60.0,4.144516608122773,52.59722222222222
ARC-r0-noChaos,320,7,55.0,3.96367204484922,52.325
ARC-r0-noChaos,320,8,55.0,3.8351295561367738,52.33611111111111
ARC-r0-noChaos,320,9,50.0,3.7122614182877323,52.47222222222222
ARC-r0-noChaos,320,10,55.0,3.8833604934649824,52.03888888888889
ARC-r0-noChaos,320,11,60.0,4.336698837578146,52.080555555555556
ARC-r0-noChaos,321,1,40.0,1.8588749375294866,57.925
ARC-r0-noChaos,321,2,35.0,1.4202749274489057,57.43611111111111
ARC-r0-noChaos,321,3,20.0,0.2454705183861816,57.46388888888889
ARC-r0-noChaos,321,4,10.0,0.06507898999547068,59.25277777777778
ARC-r0-noChaos,321,5,10.0,0.05116596860780254,58.513888888888886
ARC-r0-noChaos,321,6,35.0,1.461029781864942,57.11388888888889
ARC-r0-noChaos,321,7,35.0,1.5414266077857341,57.56944444444444
ARC-r0-noChaos,321,8,30.0,1.1618893563915322,57.15833333333333
ARC-r0-noChaos,321,9,35.0,1.4515355856936751,57.361111111111114
ARC-r0-noChaos,321,10,30.0,1.2077696679162586,56.87777777777778
ARC-r0-noChaos,321,11,30.0,1.2019139596951,56.83888888888889
ARC-r0-noChaos,322,1,0.0,0.038822724626552674,60.625
ARC-r0-noChaos,322,2,5.0,0.0743418027131515,60.47222222222222
ARC-r0-noChaos,322,3,0.0,0.02416880445306191,60.00833333333333
ARC-r0-noChaos,322,4,5.0,0.06800322288914584,60.51111111111111
ARC-r0-noChaos,322,5,5.0,0.062436255185238654,60.63333333333333
ARC-r0-noChaos,322,6,5.0,0.04197292896037652,61.955555555555556
ARC-r0-noChaos,322,7,5.0,0.07782097910585817,60.611111111111114
ARC-r0-noChaos,322,8,0.0,0.029741551588691184,60.03333333333333
ARC-r0-noChaos,322,9,5.0,0.09475958483896596,60.9
ARC-r0-noChaos,322,10,5.0,0.09322362215943292,61.12222222222222
ARC-r0-noChaos,322,11,5.0,0.11812416756906696,61.06666666666667
ARC-r0-noChaos,323,1,30.0,1.334919300203552,58.769444444444446
ARC-r0-noChaos,323,2,30.0,1.3469596827923924,59.11944444444445
ARC-r0-noChaos,323,3,30.0,1.1555820712686238,58.68611111111111
ARC-r0-noChaos,323,4,30.0,1.1231934984087144,57.96111111111111
ARC-r0-noChaos,323,5,30.0,1.3517003231704794,57.68888888888889
ARC-r0-noChaos,323,6,30.0,1.2111017858089768,58.422222222222224
ARC-r0-noChaos,323,7,45.0,2.5285716467751573,58.0
ARC-r0-noChaos,323,8,35.0,2.1322645583589206,58.455555555555556
ARC-r0-noChaos,323,9,35.0,1.30956608456535,58.208333333333336
ARC-r0-noChaos,323,10,40.0,2.2915018535758835,58.91388888888889
ARC-r0-noChaos,323,11,30.0,1.2770174225915865,59.019444444444446
ARC-r0-noChaos,324,1,30.0,1.9421538166339847,59.475
ARC-r0-noChaos,324,2,30.0,1.8660761431870898,59.77777777777778
ARC-r0-noChaos,324,3,30.0,2.2293720897796687,60.09444444444444
ARC-r0-noChaos,324,4,25.0,1.8556474604529694,59.53611111111111
ARC-r0-noChaos,324,5,35.0,1.990190248169288,59.169444444444444
ARC-r0-noChaos,324,6,30.0,1.9528849425115236,60.34444444444444
ARC-r0-noChaos,324,7,30.0,1.9575229564234187,59.669444444444444
ARC-r0-noChaos,324,8,25.0,1.8303091697955076,59.78055555555556
ARC-r0-noChaos,324,9,25.0,1.8229506131791418,59.96111111111111
ARC-r0-noChaos,324,10,25.0,1.7928109924895352,60.00555555555555
ARC-r0-noChaos,324,11,25.0,1.8706015475749682,59.37222222222222
ARC-r0-noChaos,325,1,30.0,1.685613598656821,56.208333333333336
ARC-r0-noChaos,325,2,25.0,1.5821915386256546,54.36944444444445
ARC-r0-noChaos,325,3,30.0,1.6195520201518265,55.90277777777778
ARC-r0-noChaos,325,4,30.0,1.69605633116372,55.53888888888889
ARC-r0-noChaos,325,5,35.0,1.729703238579916,55.644444444444446
ARC-r0-noChaos,325,6,25.0,1.617944162506546,55.15277777777778
ARC-r0-noChaos,325,7,35.0,2.0703443300293944,55.3
ARC-r0-noChaos,325,8,40.0,2.1684612590650687,54.975
ARC-r0-noChaos,325,9,30.0,1.9125139550559056,55.875
ARC-r0-noChaos,325,10,35.0,2.040357390184755,55.09722222222222
ARC-r0-noChaos,325,11,25.0,1.6721135440143975,54.73888888888889
ARC-r0-noChaos,326,1,60.0,4.08918202753592,55.84166666666667
ARC-r0-noChaos,326,2,55.0,3.5470734958168326,54.833333333333336
ARC-r0-noChaos,326,3,50.0,3.311188094193074,55.16111111111111
ARC-r0-noChaos,326,4,50.0,3.7195213284712647,55.080555555555556
ARC-r0-noChaos,326,5,55.0,3.6563225942253252,54.94722222222222
ARC-r0-noChaos,326,6,55.0,3.781982730563327,55.275
ARC-r0-noChaos,326,7,55.0,3.8772550534079797,55.31944444444444
ARC-r0-noChaos,326,8,50.0,3.7610277970680284,54.894444444444446
ARC-r0-noChaos,326,9,50.0,3.7848180255517616,54.22222222222222
ARC-r0-noChaos,326,10,50.0,3.383731712956528,55.45
ARC-r0-noChaos,326,11,50.0,3.741147606704076,54.88611111111111
ARC-r0-noChaos,327,1,30.0,1.2379937458639412,58.144444444444446
ARC-r0-noChaos,327,2,30.0,1.0776535959653444,58.55277777777778
ARC-r0-noChaos,327,3,40.0,1.6669965571260548,58.022222222222226
ARC-r0-noChaos,327,4,40.0,1.8383394786946616,58.59444444444444
ARC-r0-noChaos,327,5,40.0,1.6958901279448546,58.333333333333336
ARC-r0-noChaos,327,6,30.0,1.0187386551508193,57.97222222222222
ARC-r0-noChaos,327,7,35.0,1.5922796979236153,58.66388888888889
ARC-r0-noChaos,327,8,30.0,1.2278657427988948,58.05277777777778
ARC-r0-noChaos,327,9,35.0,1.5590634827731487,58.62222222222222
ARC-r0-noChaos,327,10,35.0,1.5697164011734044,58.94444444444444
ARC-r0-noChaos,327,11,40.0,1.8083942633511652,58.144444444444446
ARC-r0-noChaos,328,1,0.0,0.0,61.65
ARC-r0-noChaos,328,2,5.0,0.04736703553823718,62.208333333333336
ARC-r0-noChaos,328,3,0.0,0.0,62.55833333333333
ARC-r0-noChaos,328,4,0.0,0.0,62.46944444444444
ARC-r0-noChaos,328,5,0.0,0.0,62.03888888888889
ARC-r0-noChaos,328,6,0.0,0.0,61.96944444444444
ARC-r0-noChaos,328,7,5.0,0.1269945401808914,61.30277777777778
ARC-r0-noChaos,328,8,0.0,0.0,61.958333333333336
ARC-r0-noChaos,328,9,5.0,0.05892517066757863,62.31388888888889
ARC-r0-noChaos,328,10,0.0,0.0,62.125
ARC-r0-noChaos,328,11,0.0,0.021974689548476256,61.99444444444445
ARC-r0-noChaos,329,1,40.0,2.291616353823711,59.525
ARC-r0-noChaos,329,2,25.0,2.0443838432435024,58.81111111111111
ARC-r0-noChaos,329,3,35.0,2.229025953342767,58.644444444444446
ARC-r0-noChaos,329,4,40.0,2.336838653754869,58.425
ARC-r0-noChaos,329,5,35.0,2.284863974461726,59.41111111111111
ARC-r0-noChaos,329,6,35.0,2.1251529904079303,59.202777777777776
ARC-r0-noChaos,329,7,25.0,1.942887830026141,59.90555555555556
ARC-r0-noChaos,329,8,30.0,2.1720765296741273,59.608333333333334
ARC-r0-noChaos,329,9,25.0,2.015063807416839,59.797222222222224
ARC-r0-noChaos,329,10,50.0,2.508681201430296,58.12777777777778
ARC-r0-noChaos,329,11,25.0,1.9984000887698694,58.83611111111111
