slo_viol_s,loss_pct,shed_pct,replica_hours,peak_pods,p95_lat_s,min_avail,scale_actions,mttr_s,n_chaos,chaos_harm_s,attack_det_delay_s,poison_f1,controller,scenario,seed
0.0,0.0,0.0,305.28194444444443,301.0,0.12997186475150113,1.0,2259,0.0,10,0.0,,,ARC-noRemed,baseline,200
5.0,0.025662560391181977,0.0,373.30555555555554,301.0,0.12997186475150113,0.8941583932386833,3105,0.0,9,0.0,,,ARC-noRemed,baseline,201
1805.0,25.773720339832696,0.0,437.65416666666664,301.0,12.129971864751502,3.9540883467930126e-11,2703,0.0,7,0.0,,,ARC-noRemed,baseline,202
2670.0,39.34052328116462,0.0,452.20416666666665,301.0,12.123151669107152,8.10430884418579e-13,2047,0.0,6,0.0,,,ARC-noRemed,baseline,203
0.0,0.0,0.0,383.93333333333334,301.0,0.12997186475150113,1.0,3427,0.0,9,0.0,,,ARC-noRemed,baseline,204
6600.0,99.99999914675742,0.0,551.8333333333334,301.0,12.129971864751502,1.0150109323400486e-11,305,0.0,0,0.0,,,ARC-noRemed,baseline,205
0.0,0.0,0.0,315.5208333333333,301.0,0.12997186475150113,1.0,2307,0.0,10,0.0,,,ARC-noRemed,baseline,206
65.0,0.8060048128225916,0.0,375.34444444444443,301.0,0.12997186475150113,5.269949761805654e-05,3279,0.0,9,0.0,,,ARC-noRemed,baseline,207
1780.0,25.521690200314772,0.0,423.6847222222222,301.0,12.129971864751502,6.586944400612362e-13,2587,0.0,8,0.0,,,ARC-noRemed,baseline,208
0.0,0.0,0.0,367.56944444444446,301.0,0.12997186475150113,1.0,3304,0.0,10,0.0,,,ARC-noRemed,baseline,209
0.0,0.0,0.0,385.9263888888889,301.0,0.12997186475150113,1.0,3531,0.0,9,0.0,,,ARC-noRemed,baseline,210
6600.0,99.9999986543684,0.0,551.8333333333334,301.0,12.129971864751502,1.1797823875939489e-11,289,0.0,0,0.0,,,ARC-noRemed,baseline,211
0.0,0.0,0.0,313.2597222222222,301.0,0.12997186475150113,1.0,2321,0.0,10,0.0,,,ARC-noRemed,baseline,212
15.0,0.16350666777963374,0.0,391.09305555555557,301.0,0.12997186475150113,0.3030729386769508,3290,0.0,10,0.0,,,ARC-noRemed,baseline,213
4800.0,68.76886130352126,0.0,519.2375,301.0,12.129971864751502,5.888735053400107e-12,1240,0.0,3,0.0,,,ARC-noRemed,baseline,214
2670.0,39.21692547681375,0.0,451.86805555555554,301.0,12.123151669107152,6.926197414693191e-13,2033,0.0,6,0.0,,,ARC-noRemed,baseline,215
0.0,0.0,0.0,394.2472222222222,301.0,0.12997186475150113,1.0,3579,0.0,9,0.0,,,ARC-noRemed,baseline,216
6600.0,99.99999920400357,0.0,551.8333333333334,301.0,12.129971864751502,5.5529364743247395e-12,312,0.0,0,0.0,,,ARC-noRemed,baseline,217
0.0,0.0,0.0,312.21944444444443,301.0,0.12997186475150113,1.0,2382,0.0,10,0.0,,,ARC-noRemed,baseline,218
6600.0,99.9999999563684,0.0,551.8333333333334,301.0,18.1299718647515,1.631299744654592e-14,237,0.0,0,0.0,,,ARC-noRemed,baseline,219
1845.0,26.389555850539903,0.0,434.2388888888889,301.0,12.113359142194872,2.3806661105553488e-11,2712,0.0,8,15.0,,,ARC-noRemed,baseline,220
2670.0,39.23964623872821,0.0,454.08194444444445,301.0,12.123151669107152,1.1631927661167919e-12,1992,0.0,6,0.0,,,ARC-noRemed,baseline,221
2325.0,30.958839443188012,0.0,460.40416666666664,301.0,12.129971864751502,1.1459073254618254e-11,2323,0.0,6,0.0,,,ARC-noRemed,baseline,222
6600.0,99.99999963293791,0.0,551.8333333333334,301.0,15.111626188937812,7.606310544703454e-13,308,0.0,0,0.0,,,ARC-noRemed,baseline,223
0.0,0.0,0.0,314.59722222222223,301.0,0.12997186475150113,1.0,2325,0.0,10,0.0,,,ARC-noRemed,baseline,224
320.0,3.7212162295634954,0.0,390.27916666666664,301.0,0.12997186475150113,9.171017004061144e-06,3193,0.0,10,0.0,,,ARC-noRemed,baseline,225
1830.0,26.128716221461435,0.0,422.2736111111111,301.0,12.129971864751502,2.343873544824795e-13,2572,0.0,8,0.0,,,ARC-noRemed,baseline,226
2670.0,39.25368340095356,0.0,445.60833333333335,301.0,12.123151669107152,8.374088604958899e-13,1984,0.0,6,0.0,,,ARC-noRemed,baseline,227
0.0,0.0,0.0,378.1763888888889,301.0,0.12997186475150113,1.0,3436,0.0,10,0.0,,,ARC-noRemed,baseline,228
6600.0,99.99999879379453,0.0,551.8333333333334,301.0,12.129971864751502,8.404613275471991e-11,314,0.0,0,0.0,,,ARC-noRemed,baseline,229
2890.0,45.946711111472084,0.0,256.0861111111111,301.0,11.464298478367638,3.779551186131766e-12,16211,0.0,8,50.0,,,ARC-noGuard,baseline,200
5125.0,77.34561690469623,0.0,278.3041666666667,301.0,13.380377296209256,1.510982944912049e-13,20434,0.0,3,60.0,,,ARC-noGuard,baseline,201
5295.0,83.41100750735447,0.0,297.7888888888889,301.0,12.997544263384336,6.829657192171837e-13,20704,0.0,1,0.0,,,ARC-noGuard,baseline,202
5075.0,78.8946370453726,0.0,259.67083333333335,301.0,12.972519838884882,3.7279645707402124e-13,19914,0.0,4,195.0,,,ARC-noGuard,baseline,203
5330.0,82.36469425886395,0.0,300.9527777777778,301.0,12.529254032189716,2.891493975648696e-12,20576,0.0,3,145.0,,,ARC-noGuard,baseline,204
5060.0,77.80545120278326,0.0,274.74444444444447,301.0,13.603630526211742,2.658753161835659e-12,20687,0.0,4,160.0,,,ARC-noGuard,baseline,205
3460.0,58.44417823630867,0.0,272.88194444444446,301.0,11.727541419712253,1.0108456630127264e-11,16861,0.0,7,35.0,,,ARC-noGuard,baseline,206
5235.0,77.88193078346981,0.0,266.95,301.0,13.292828414178453,1.3988932000143168e-13,20197,0.0,4,210.0,,,ARC-noGuard,baseline,207
4840.0,75.67910886473763,0.0,284.8541666666667,301.0,12.920379289151295,9.266224178259649e-13,19907,0.0,3,35.0,,,ARC-noGuard,baseline,208
5105.0,79.39333896388706,0.0,265.89166666666665,301.0,13.416679175219825,3.2633788607635163e-13,20277,0.0,4,105.0,,,ARC-noGuard,baseline,209
4730.0,72.04906048809336,0.0,267.4013888888889,301.0,12.831255472491579,5.764465375313216e-13,19330,0.0,4,155.0,,,ARC-noGuard,baseline,210
5405.0,82.23210935506125,0.0,295.2611111111111,301.0,13.611244818982588,2.3794838569286216e-12,21749,0.0,4,125.0,,,ARC-noGuard,baseline,211
2855.0,46.81325109994676,0.0,261.1694444444444,301.0,11.241272192833682,4.360142104471092e-11,16222,0.0,8,105.0,,,ARC-noGuard,baseline,212
4795.0,73.66288193331944,0.0,281.1013888888889,301.0,12.958957751236746,2.1358932531330235e-13,20181,0.0,5,155.0,,,ARC-noGuard,baseline,213
5110.0,81.01926429307483,0.0,295.5138888888889,301.0,12.782226582785395,3.928128137178557e-12,20473,0.0,5,215.0,,,ARC-noGuard,baseline,214
5125.0,79.66169976247117,0.0,259.23055555555555,301.0,12.638559052475955,4.2948172589032754e-13,20145,0.0,4,145.0,,,ARC-noGuard,baseline,215
5175.0,78.05812379477815,0.0,302.7652777777778,301.0,13.19254945953947,6.939326058410294e-13,20704,0.0,5,290.0,,,ARC-noGuard,baseline,216
5350.0,81.34652092775579,0.0,285.13055555555553,301.0,13.155101614042547,2.762708392655276e-12,20999,0.0,4,185.0,,,ARC-noGuard,baseline,217
2945.0,51.978350426934114,0.0,244.41805555555555,301.0,11.828743244232012,2.1463614343524168e-11,15759,0.0,8,125.0,,,ARC-noGuard,baseline,218
5470.0,84.1007245199607,0.0,289.7388888888889,301.0,14.025882884847011,1.331541088001297e-13,20659,0.0,0,0.0,,,ARC-noGuard,baseline,219
5195.0,82.81902798040895,0.0,286.34166666666664,301.0,13.275727461433078,8.579172896106852e-12,20122,0.0,3,95.0,,,ARC-noGuard,baseline,220
5100.0,79.18503099947533,0.0,264.64444444444445,301.0,13.081089577296597,4.0257130271459913e-13,19996,0.0,3,100.0,,,ARC-noGuard,baseline,221
5420.0,83.5760250714979,0.0,294.59583333333336,301.0,13.147446789264249,5.3411547526147345e-12,20479,0.0,2,100.0,,,ARC-noGuard,baseline,222
5725.0,87.15688013694734,0.0,290.8236111111111,301.0,13.309890700507463,2.9680990595234113e-12,21023,0.0,3,165.0,,,ARC-noGuard,baseline,223
2580.0,42.970040176354686,0.0,241.43055555555554,301.0,11.305018564108664,2.4723944790289006e-12,15521,0.0,8,15.0,,,ARC-noGuard,baseline,224
5490.0,84.01569880545516,0.0,298.3486111111111,301.0,13.360164335290017,1.3402842993871208e-12,21260,0.0,0,0.0,,,ARC-noGuard,baseline,225
5195.0,82.1979671539414,0.0,280.7680555555556,301.0,13.272148968845315,5.599474897649347e-13,20059,0.0,3,40.0,,,ARC-noGuard,baseline,226
5065.0,80.51053277734613,0.0,258.1347222222222,301.0,13.077090322927305,4.801478261787936e-13,19540,0.0,4,170.0,,,ARC-noGuard,baseline,227
4870.0,75.5523282875196,0.0,270.6333333333333,301.0,13.072825373913101,1.4725427350857336e-13,19294,0.0,5,155.0,,,ARC-noGuard,baseline,228
5070.0,78.12197490496924,0.0,291.8027777777778,301.0,13.169003941814049,1.7150061476512138e-12,21072,0.0,4,180.0,,,ARC-noGuard,baseline,229
2640.0,55.516439574363204,0.0,412.1069444444444,301.0,15.129971864751502,1.6928136068606168e-14,1912,355.0,6,0.0,,,ARC-noRemed,flash,200
5.0,0.02086782452949132,0.0,402.2625,301.0,0.12997186475150113,0.8941583932386833,3320,0.0,9,0.0,,,ARC-noRemed,flash,201
2675.0,53.367719955179325,0.0,458.9166666666667,301.0,15.123151669107152,7.560723271069625e-14,2192,1140.0,6,0.0,,,ARC-noRemed,flash,202
6595.0,99.99999965903581,0.0,551.8333333333334,301.0,15.123151669107152,4.50213570795172e-15,251,1200.0,0,0.0,,,ARC-noRemed,flash,203
4405.0,75.77830702940548,0.0,486.21666666666664,301.0,15.123151669107152,4.7507025687195046e-14,1503,1165.0,3,0.0,,,ARC-noRemed,flash,204
6600.0,99.99999936895854,0.0,551.8333333333334,301.0,15.233290812352402,2.2014482697782037e-15,320,1200.0,0,0.0,,,ARC-noRemed,flash,205
2290.0,54.15287094366601,0.0,403.0097222222222,301.0,15.123151669107152,6.16406516917575e-14,2055,5.0,6,0.0,,,ARC-noRemed,flash,206
4615.0,76.03779834831197,0.0,492.3625,301.0,15.129971864751502,4.531497472963758e-13,1340,1135.0,3,0.0,,,ARC-noRemed,flash,207
2675.0,53.651298674592105,0.0,446.0361111111111,301.0,15.129971864751502,6.561517754444429e-14,2059,1165.0,6,0.0,,,ARC-noRemed,flash,208
5.0,0.05496503900439542,0.0,392.96944444444443,301.0,0.12997186475150113,0.8498882204378609,3588,5.0,10,0.0,,,ARC-noRemed,flash,209
810.0,26.94364734451079,0.0,409.62638888888887,301.0,15.107695081446147,2.532909000453774e-13,3362,665.0,8,0.0,,,ARC-noRemed,flash,210
6600.0,99.99999907330076,0.0,551.8333333333334,301.0,15.129971864751502,1.6926802629242895e-14,299,1200.0,0,0.0,,,ARC-noRemed,flash,211
2280.0,54.969959586793834,0.0,401.7138888888889,301.0,15.129971864751502,6.418969787653709e-14,1967,1085.0,6,0.0,,,ARC-noRemed,flash,212
75.0,1.3698980030323438,0.0,415.3958333333333,301.0,0.12997186475150113,0.029000691800293334,3555,40.0,9,40.0,,,ARC-noRemed,flash,213
4800.0,76.27963440924985,0.0,519.8458333333333,301.0,15.129971864751502,2.419096579255244e-14,1309,1200.0,3,0.0,,,ARC-noRemed,flash,214
2670.0,52.83729480455646,0.0,451.86805555555554,301.0,15.123151669107152,2.7095694678325105e-14,2059,975.0,6,0.0,,,ARC-noRemed,flash,215
990.0,24.808623950154875,0.0,427.43055555555554,301.0,11.290971523247919,1.481831576361556e-11,3248,5.0,7,0.0,,,ARC-noRemed,flash,216
6600.0,99.99999942376945,0.0,551.8333333333334,301.0,15.129971864751502,5.904950148896261e-15,322,1200.0,0,0.0,,,ARC-noRemed,flash,217
2685.0,56.40422380808747,0.0,416.3777777777778,301.0,15.113359142194872,2.5658592580523033e-14,1971,395.0,6,35.0,,,ARC-noRemed,flash,218
6600.0,99.99999996958726,0.0,551.8333333333334,301.0,18.1299718647515,9.041738023188004e-15,258,1200.0,0,0.0,,,ARC-noRemed,flash,219
2690.0,60.40109924824124,0.0,436.8986111111111,301.0,15.107695081446147,2.6952076493380573e-14,2401,935.0,6,0.0,,,ARC-noRemed,flash,220
6595.0,99.99999961508252,0.0,551.8333333333334,301.0,15.123151669107152,1.1700356293265746e-14,241,1200.0,0,0.0,,,ARC-noRemed,flash,221
6575.0,99.99999964481638,0.0,551.8333333333334,301.0,15.129971864751502,1.1697564740681962e-14,314,1200.0,0,0.0,,,ARC-noRemed,flash,222
6600.0,99.99999971174691,0.0,551.8333333333334,301.0,15.129971864751502,1.8299245896846027e-15,327,1200.0,0,0.0,,,ARC-noRemed,flash,223
2395.0,56.61008814690558,0.0,402.65277777777777,301.0,15.123151669107152,3.09420515289188e-14,1928,1170.0,7,0.0,,,ARC-noRemed,flash,224
315.0,3.0165240947784167,0.0,418.0444444444444,301.0,0.12997186475150113,0.00011159971766892438,3221,5.0,8,0.0,,,ARC-noRemed,flash,225
2690.0,48.85822025172261,0.0,451.87361111111113,301.0,15.107695081446147,6.311274112006141e-14,1968,930.0,6,0.0,,,ARC-noRemed,flash,226
2670.0,52.884080295950284,0.0,445.60277777777776,301.0,15.123151669107152,1.1302471488446826e-14,2014,945.0,6,0.0,,,ARC-noRemed,flash,227
3740.0,54.68024567697751,0.0,482.3486111111111,301.0,12.130618460868082,9.998938254142812e-14,1927,70.0,3,0.0,,,ARC-noRemed,flash,228
6600.0,99.99999915947704,0.0,551.8333333333334,301.0,15.129971864751502,4.60559167158194e-15,337,1200.0,0,0.0,,,ARC-noRemed,flash,229
3880.0,73.43981402446414,0.0,301.63194444444446,301.0,12.973093710497537,1.4004798800077456e-12,17927,325.0,5,60.0,,,ARC-noGuard,flash,200
5820.0,89.67742742627148,0.0,330.40694444444443,301.0,14.594449002215617,1.510982944912049e-13,21871,500.0,0,0.0,,,ARC-noGuard,flash,201
5190.0,85.6414468458855,0.0,306.8652777777778,301.0,14.628287408625336,2.310446062645527e-13,20395,875.0,4,80.0,,,ARC-noGuard,flash,202
5345.0,86.94070993344506,0.0,289.5180555555556,301.0,14.070753919536184,8.482403625990129e-14,20619,505.0,2,85.0,,,ARC-noGuard,flash,203
5150.0,82.39694489132934,0.0,313.53472222222223,301.0,13.59351333926786,2.4106078950010524e-13,20684,370.0,3,100.0,,,ARC-noGuard,flash,204
5485.0,86.60371194637278,0.0,308.54583333333335,301.0,14.01158086354336,1.1829643771846118e-12,21541,890.0,1,0.0,,,ARC-noGuard,flash,205
3355.0,69.16903177894315,0.0,292.90416666666664,301.0,12.111626188937812,1.0108456630127264e-11,17032,945.0,7,55.0,,,ARC-noGuard,flash,206
5230.0,83.74175841313848,0.0,298.7027777777778,301.0,13.624243184932352,7.097296305448169e-13,20642,630.0,4,170.0,,,ARC-noGuard,flash,207
5460.0,88.05179593704085,0.0,310.825,301.0,13.774028526207871,9.266224178259649e-13,20963,870.0,3,110.0,,,ARC-noGuard,flash,208
5440.0,89.24812719798163,0.0,305.2638888888889,301.0,14.51926539328882,3.058188059703892e-14,21053,890.0,4,160.0,,,ARC-noGuard,flash,209
4470.0,72.77470911198516,0.0,296.65555555555557,301.0,13.416448793614311,4.75385984739837e-14,19821,715.0,5,200.0,,,ARC-noGuard,flash,210
5165.0,83.3038637411192,0.0,332.2,301.0,14.134465440477657,1.2971054172407557e-13,22348,100.0,4,115.0,,,ARC-noGuard,flash,211
3400.0,68.16479787534331,0.0,285.2972222222222,301.0,11.983072888304426,3.806639935220363e-11,16990,1030.0,7,115.0,,,ARC-noGuard,flash,212
4700.0,74.95043733899902,0.0,304.43611111111113,301.0,13.813754309243514,2.1358932531330235e-13,20819,415.0,6,155.0,,,ARC-noGuard,flash,213
5320.0,88.37021918852193,0.0,320.75555555555553,301.0,14.57406158128641,2.9315405055500783e-13,20951,945.0,2,40.0,,,ARC-noGuard,flash,214
5375.0,85.32798139052922,0.0,298.1972222222222,301.0,13.825542205341783,4.1764957316743285e-13,20801,580.0,2,100.0,,,ARC-noGuard,flash,215
5045.0,80.10166804585009,0.0,322.5180555555556,301.0,13.646927723130826,9.355152642380808e-15,20877,135.0,3,75.0,,,ARC-noGuard,flash,216
5405.0,86.67252184188871,0.0,319.46805555555557,301.0,14.174750167193318,1.0499429689291272e-12,21853,975.0,5,235.0,,,ARC-noGuard,flash,217
3035.0,64.24673888696827,0.0,268.15277777777777,301.0,13.21879965390654,1.9687883221350377e-12,16123,410.0,8,100.0,,,ARC-noGuard,flash,218
5775.0,88.74544232342367,0.0,323.9972222222222,301.0,14.38125749764232,4.174197458605616e-13,21543,245.0,0,0.0,,,ARC-noGuard,flash,219
5190.0,87.39119646475143,0.0,310.09583333333336,301.0,14.788435335422081,4.8664063206987804e-14,20467,905.0,3,75.0,,,ARC-noGuard,flash,220
5375.0,86.479534794037,0.0,286.6986111111111,301.0,13.593252127673347,4.719791133835249e-13,20378,770.0,2,110.0,,,ARC-noGuard,flash,221
5495.0,87.34249237612903,0.0,313.30555555555554,301.0,13.810216128639814,9.84458952473471e-13,20968,550.0,3,130.0,,,ARC-noGuard,flash,222
5800.0,89.95135032265189,0.0,325.56111111111113,301.0,14.267135534729542,3.404389443805191e-14,21971,560.0,2,95.0,,,ARC-noGuard,flash,223
3855.0,74.43926133176537,0.0,282.0388888888889,301.0,14.103824309461235,1.2766948981784563e-13,17263,970.0,5,5.0,,,ARC-noGuard,flash,224
5540.0,86.54232655326653,0.0,330.6277777777778,301.0,13.736781306903527,6.947493072844663e-13,21642,915.0,1,5.0,,,ARC-noGuard,flash,225
5270.0,86.50035828861688,0.0,301.15555555555557,301.0,13.913702583149623,5.599474897649347e-13,20178,980.0,4,130.0,,,ARC-noGuard,flash,226
5345.0,86.42662092255497,0.0,292.5722222222222,301.0,13.638221474881663,8.776705650470658e-13,20515,680.0,2,85.0,,,ARC-noGuard,flash,227
5240.0,83.62008602545917,0.0,303.50555555555553,301.0,13.888090316442197,1.4725427350857336e-13,20466,95.0,4,205.0,,,ARC-noGuard,flash,228
5345.0,85.07815650089145,0.0,311.4972222222222,301.0,14.41754322837053,4.8818807403035115e-14,21547,685.0,4,205.0,,,ARC-noGuard,flash,229
2695.0,57.51581209575789,0.0,413.47777777777776,301.0,15.129971864751502,1.1575803630670824e-15,1884,410.0,6,35.0,,,ARC-noRemed,flash_step,200
4535.0,76.30632450430275,0.0,487.98055555555555,301.0,15.119330886181194,6.838819649182602e-14,1264,1195.0,3,0.0,,,ARC-noRemed,flash_step,201
2735.0,56.10009544811329,0.0,459.11944444444447,301.0,15.129971864751502,6.550989852580928e-14,2173,1200.0,6,0.0,,,ARC-noRemed,flash_step,202
6595.0,99.99999966400812,0.0,551.8333333333334,301.0,15.123151669107152,4.50213570795172e-15,260,1200.0,0,0.0,,,ARC-noRemed,flash_step,203
4440.0,77.07266275394717,0.0,486.7138888888889,301.0,15.123151669107152,4.7838313903575975e-14,1467,1200.0,3,0.0,,,ARC-noRemed,flash_step,204
6600.0,99.99999937794934,0.0,551.8333333333334,301.0,15.872934267595493,2.2014482697782037e-15,313,1200.0,0,0.0,,,ARC-noRemed,flash_step,205
2420.0,57.80717188521758,0.0,403.2125,301.0,15.123151669107152,1.4161365995886885e-14,1971,1200.0,6,0.0,,,ARC-noRemed,flash_step,206
5.0,0.0894097734107091,0.0,404.8222222222222,301.0,0.12997186475150113,0.4765057883703311,3395,0.0,8,0.0,,,ARC-noRemed,flash_step,207
2710.0,55.457534088949025,0.0,447.90416666666664,301.0,15.129971864751502,4.620432363263906e-14,1990,1200.0,6,0.0,,,ARC-noRemed,flash_step,208
1020.0,36.068789839244644,0.0,396.9236111111111,301.0,15.123151669107152,6.714143684962918e-14,3147,1020.0,9,0.0,,,ARC-noRemed,flash_step,209
755.0,24.523369548839902,0.0,410.0236111111111,301.0,15.107695081446147,2.553684919662852e-13,3376,605.0,8,0.0,,,ARC-noRemed,flash_step,210
6600.0,99.99999908821407,0.0,551.8333333333334,301.0,15.129971864751502,1.6926802629242895e-14,299,1200.0,0,0.0,,,ARC-noRemed,flash_step,211
2395.0,57.8637924988092,0.0,402.04305555555555,301.0,15.129971864751502,6.437181205226091e-14,1930,1200.0,6,0.0,,,ARC-noRemed,flash_step,212
70.0,1.3781506901798246,0.0,419.59027777777777,301.0,0.12997186475150113,0.031077644994196803,3485,35.0,8,0.0,,,ARC-noRemed,flash_step,213
4800.0,76.53153848701737,0.0,519.8458333333333,301.0,15.129971864751502,2.419096579255244e-14,1309,1200.0,3,0.0,,,ARC-noRemed,flash_step,214
2670.0,53.67077677986689,0.0,451.86805555555554,301.0,15.123151669107152,2.7095694678325105e-14,2071,975.0,6,0.0,,,ARC-noRemed,flash_step,215
2355.0,34.79591618229221,0.0,469.56944444444446,301.0,9.129971864751502,1.0693056906318354e-10,2746,60.0,5,0.0,,,ARC-noRemed,flash_step,216
6600.0,99.99999943534681,0.0,551.8333333333334,301.0,15.129971864751502,5.904950148896261e-15,326,1200.0,0,0.0,,,ARC-noRemed,flash_step,217
2720.0,57.841596307654996,0.0,417.30833333333334,301.0,15.129971864751502,1.679938739710496e-15,1922,430.0,5,0.0,,,ARC-noRemed,flash_step,218
6600.0,99.99999997009671,0.0,551.8333333333334,301.0,18.1299718647515,9.041738023188004e-15,248,1200.0,0,0.0,,,ARC-noRemed,flash_step,219
2865.0,57.71993316265045,0.0,457.5805555555556,301.0,15.123151669107152,2.3895800579692836e-14,2097,1175.0,6,0.0,,,ARC-noRemed,flash_step,220
6595.0,99.99999962240157,0.0,551.8333333333334,301.0,15.123151669107152,8.012174513264156e-16,248,1200.0,0,0.0,,,ARC-noRemed,flash_step,221
6575.0,99.9999996508614,0.0,551.8333333333334,301.0,15.129971864751502,1.1697564740681962e-14,304,1200.0,0,0.0,,,ARC-noRemed,flash_step,222
6600.0,99.99999971562097,0.0,551.8333333333334,301.0,15.129971864751502,1.8299245896846027e-15,324,1200.0,0,0.0,,,ARC-noRemed,flash_step,223
2425.0,57.921360763965964,0.0,403.13055555555553,301.0,15.123151669107152,6.247960361652386e-15,1861,1200.0,6,0.0,,,ARC-noRemed,flash_step,224
4620.0,77.16639824083352,0.0,493.4611111111111,301.0,12.129971864751502,1.0464130080971372e-11,1229,1200.0,3,0.0,,,ARC-noRemed,flash_step,225
2960.0,58.69882119932113,0.0,453.3236111111111,301.0,15.123151669107152,4.746938367282476e-14,1930,1200.0,6,0.0,,,ARC-noRemed,flash_step,226
2670.0,53.47940632119014,0.0,445.59027777777777,301.0,15.123151669107152,9.641661444186601e-15,2011,945.0,6,0.0,,,ARC-noRemed,flash_step,227
4370.0,75.51660753321696,0.0,483.14444444444445,301.0,15.129971864751502,4.4980390616877446e-14,1455,1185.0,3,0.0,,,ARC-noRemed,flash_step,228
6600.0,99.99999917147278,0.0,551.8333333333334,301.0,15.129971864751502,4.60559167158194e-15,346,1200.0,0,0.0,,,ARC-noRemed,flash_step,229
3520.0,70.01609779147775,0.0,290.2888888888889,301.0,13.285307732330772,1.3132996893872508e-13,17336,330.0,7,105.0,,,ARC-noGuard,flash_step,200
5600.0,88.3030968500772,0.0,317.40694444444443,301.0,14.644105593681806,1.510982944912049e-13,21604,495.0,1,50.0,,,ARC-noGuard,flash_step,201
5300.0,88.45248873385691,0.0,320.5361111111111,301.0,14.366186402712211,1.0954963646500754e-13,20665,905.0,3,95.0,,,ARC-noGuard,flash_step,202
5495.0,88.35545221111919,0.0,290.7944444444444,301.0,14.092454728029239,3.778385633070839e-14,20613,525.0,2,110.0,,,ARC-noGuard,flash_step,203
5455.0,87.06283763150404,0.0,322.2472222222222,301.0,13.75140749726037,1.769843555926845e-13,21201,280.0,3,110.0,,,ARC-noGuard,flash_step,204
5530.0,87.94427476178907,0.0,315.5805555555556,301.0,14.150220319656457,1.4985699144172113e-12,21707,945.0,4,225.0,,,ARC-noGuard,flash_step,205
3245.0,68.72852633967194,0.0,295.7416666666667,301.0,12.117151246452545,1.0108456630127264e-11,16933,995.0,7,0.0,,,ARC-noGuard,flash_step,206
4960.0,79.14376812078012,0.0,301.64166666666665,301.0,14.048239522641335,2.3411895260177215e-12,20772,895.0,6,220.0,,,ARC-noGuard,flash_step,207
5280.0,87.09647815966377,0.0,312.4861111111111,301.0,13.577318229365991,1.546357769844458e-13,20289,900.0,2,55.0,,,ARC-noGuard,flash_step,208
5260.0,86.49481530588801,0.0,302.9527777777778,301.0,14.244791123687154,1.606149018336641e-13,20798,700.0,3,150.0,,,ARC-noGuard,flash_step,209
4400.0,71.4919569995868,0.0,282.97777777777776,301.0,12.54696070820974,2.969353971588187e-13,19535,685.0,3,60.0,,,ARC-noGuard,flash_step,210
5395.0,84.34388839576883,0.0,331.7416666666667,301.0,14.03078024286198,1.7651068491411724e-12,22224,250.0,2,90.0,,,ARC-noGuard,flash_step,211
3125.0,65.82790547927964,0.0,276.68611111111113,301.0,11.731094340062095,2.3664055592640597e-11,16644,50.0,6,60.0,,,ARC-noGuard,flash_step,212
5290.0,82.43299862663058,0.0,327.01666666666665,301.0,13.991320100569844,2.1358932531330235e-13,21643,425.0,4,135.0,,,ARC-noGuard,flash_step,213
5385.0,88.94232267864032,0.0,330.22083333333336,301.0,13.447350009680088,2.452926776744904e-13,20910,935.0,3,155.0,,,ARC-noGuard,flash_step,214
5335.0,88.0351432348424,0.0,298.5777777777778,301.0,13.848241281054303,1.197346634968448e-13,20641,925.0,4,200.0,,,ARC-noGuard,flash_step,215
5085.0,80.29296002770029,0.0,323.1166666666667,301.0,14.3322627304336,3.253489726156008e-13,20873,320.0,4,130.0,,,ARC-noGuard,flash_step,216
5455.0,87.45435568187236,0.0,321.40694444444443,301.0,14.092461557245215,2.1335880980030997e-12,21615,960.0,6,225.0,,,ARC-noGuard,flash_step,217
3865.0,73.8835217069924,0.0,280.9513888888889,301.0,13.589559781667125,8.773051291831057e-13,16831,410.0,6,90.0,,,ARC-noGuard,flash_step,218
5360.0,81.76838267329498,0.0,320.51944444444445,301.0,14.132718172599125,8.69991340769279e-14,21115,680.0,2,120.0,,,ARC-noGuard,flash_step,219
4975.0,84.93108105144988,0.0,300.7652777777778,301.0,14.139252664774395,7.441371768253216e-13,20179,930.0,3,115.0,,,ARC-noGuard,flash_step,220
5460.0,88.23491504269161,0.0,297.9472222222222,301.0,14.195014188857831,2.1804482554516842e-13,20733,805.0,3,170.0,,,ARC-noGuard,flash_step,221
5490.0,86.31327570243816,0.0,315.6375,301.0,13.983800102171793,1.239184639923021e-13,21091,565.0,1,55.0,,,ARC-noGuard,flash_step,222
5495.0,85.93049448696361,0.0,318.39444444444445,301.0,14.227056880279118,3.340840988657716e-13,21775,935.0,3,85.0,,,ARC-noGuard,flash_step,223
2910.0,64.53636179287527,0.0,273.4888888888889,301.0,13.966144152687495,2.4723944790289006e-12,16139,1070.0,7,55.0,,,ARC-noGuard,flash_step,224
5595.0,86.73715171446823,0.0,331.72222222222223,301.0,13.96788872811649,1.4992980200525883e-13,22073,1200.0,1,60.0,,,ARC-noGuard,flash_step,225
5505.0,89.2442418203789,0.0,320.8625,301.0,14.142793956810868,5.290686641556671e-13,21001,965.0,4,180.0,,,ARC-noGuard,flash_step,226
5200.0,85.22791378301116,0.0,285.2875,301.0,13.133680119837704,1.026559875503519e-12,20121,635.0,4,205.0,,,ARC-noGuard,flash_step,227
4965.0,80.5650226613428,0.0,293.6763888888889,301.0,14.21625095761114,8.638976050602836e-14,20231,315.0,4,190.0,,,ARC-noGuard,flash_step,228
5300.0,83.64582857584298,0.0,323.9902777777778,301.0,13.675555787257212,5.639419818373798e-14,21886,785.0,4,180.0,,,ARC-noGuard,flash_step,229
340.0,6.651263793634166,0.0,321.95972222222224,301.0,3.1198629351097087,1.3311521782857062e-11,2353,340.0,10,35.0,,,ARC-noRemed,kill_cascade,200
4535.0,70.60512954480197,0.0,487.5486111111111,301.0,14.270711163848514,9.943673151621005e-13,1328,1195.0,3,0.0,,,ARC-noRemed,kill_cascade,201
1815.0,25.932803022395078,0.0,437.29583333333335,301.0,12.129971864751502,1.1276029152866465e-12,2684,240.0,8,0.0,,,ARC-noRemed,kill_cascade,202
2670.0,39.34052357332812,0.0,452.8125,301.0,12.123151669107152,8.10430884418579e-13,2069,535.0,6,0.0,,,ARC-noRemed,kill_cascade,203
190.0,2.4989419062562357,0.0,390.075,301.0,0.12997186475150113,4.4995286690120035e-11,3526,190.0,9,0.0,,,ARC-noRemed,kill_cascade,204
6600.0,99.99999899383161,0.0,551.8333333333334,301.0,12.129971864751502,1.0372149987340846e-11,310,1200.0,0,0.0,,,ARC-noRemed,kill_cascade,205
2430.0,42.15787355007728,0.0,402.5805555555556,301.0,13.40510970023584,1.1027041892874415e-12,1945,1200.0,7,0.0,,,ARC-noRemed,kill_cascade,206
5.0,0.11081452806547265,0.0,373.1986111111111,301.0,0.12997186475150113,0.4765057883703311,3163,0.0,9,0.0,,,ARC-noRemed,kill_cascade,207
2710.0,41.61177074293463,0.0,446.4222222222222,301.0,12.203350095816422,8.37803021961765e-13,2032,1200.0,6,0.0,,,ARC-noRemed,kill_cascade,208
1030.0,17.067681492310548,0.0,397.8361111111111,301.0,12.129971864751502,1.2114340833690489e-11,3140,1030.0,9,0.0,,,ARC-noRemed,kill_cascade,209
0.0,0.0,0.0,386.1791666666667,301.0,0.12997186475150113,1.0,3538,0.0,9,0.0,,,ARC-noRemed,kill_cascade,210
6600.0,99.9999984642351,0.0,551.8333333333334,301.0,12.129971864751502,1.2682683132980652e-11,299,1200.0,0,0.0,,,ARC-noRemed,kill_cascade,211
0.0,0.0,0.0,313.6166666666667,301.0,0.12997186475150113,1.0,2314,0.0,10,0.0,,,ARC-noRemed,kill_cascade,212
15.0,0.16350666777963374,0.0,390.3097222222222,301.0,0.12997186475150113,0.3030729386769508,3254,0.0,9,0.0,,,ARC-noRemed,kill_cascade,213
4800.0,68.7688610012519,0.0,519.5986111111112,301.0,12.129971864751502,6.674815400814995e-12,1283,1200.0,3,0.0,,,ARC-noRemed,kill_cascade,214
2670.0,39.21692560972501,0.0,452.275,301.0,12.123151669107152,6.926197414693191e-13,2044,975.0,6,0.0,,,ARC-noRemed,kill_cascade,215
0.0,0.0,0.0,392.86944444444447,301.0,0.12997186475150113,1.0,3489,0.0,9,0.0,,,ARC-noRemed,kill_cascade,216
6600.0,99.99999927804683,0.0,551.8333333333334,301.0,12.129971864751502,6.002065740840491e-12,320,1200.0,0,0.0,,,ARC-noRemed,kill_cascade,217
0.0,0.0,0.0,312.41527777777776,301.0,0.12997186475150113,1.0,2381,0.0,10,0.0,,,ARC-noRemed,kill_cascade,218
6600.0,99.99999991909903,0.0,551.8333333333334,301.0,15.129971864751502,2.122698737769609e-14,263,1200.0,0,0.0,,,ARC-noRemed,kill_cascade,219
1840.0,26.375973150795375,0.0,434.1097222222222,301.0,12.123151669107152,4.769627904622724e-11,2685,160.0,8,15.0,,,ARC-noRemed,kill_cascade,220
2670.0,39.239646269860394,0.0,455.46666666666664,301.0,12.123151669107152,1.1631927661167919e-12,2056,835.0,6,0.0,,,ARC-noRemed,kill_cascade,221
2325.0,30.9588394679418,0.0,461.79583333333335,301.0,12.129971864751502,1.1484258051430418e-11,2431,590.0,6,0.0,,,ARC-noRemed,kill_cascade,222
6600.0,99.99999968690744,0.0,551.8333333333334,301.0,14.074014321532191,1.0394713498036385e-12,323,1200.0,0,0.0,,,ARC-noRemed,kill_cascade,223
2440.0,42.24056427957251,0.0,403.3777777777778,301.0,12.123151669107152,1.1002280585431562e-12,1881,1200.0,7,0.0,,,ARC-noRemed,kill_cascade,224
4615.0,71.69931187214272,0.0,492.81111111111113,301.0,12.129971864751502,7.951418842691855e-13,1346,1195.0,3,0.0,,,ARC-noRemed,kill_cascade,225
2995.0,45.72051294861961,0.0,453.68194444444447,301.0,12.378660635433851,2.6085103311777754e-13,1938,1200.0,6,0.0,,,ARC-noRemed,kill_cascade,226
2670.0,39.25368352629809,0.0,446.6361111111111,301.0,12.129971864751502,8.374088604958899e-13,2100,945.0,6,0.0,,,ARC-noRemed,kill_cascade,227
120.0,1.2383337950611861,0.0,381.9625,301.0,0.12997186475150113,2.8339802120584545e-12,3514,120.0,10,0.0,,,ARC-noRemed,kill_cascade,228
6600.0,99.99999879379409,0.0,551.8333333333334,301.0,12.129971864751502,8.404613275471991e-11,319,1200.0,0,0.0,,,ARC-noRemed,kill_cascade,229
3105.0,54.00338365601354,0.0,265.88055555555553,301.0,11.546596122613444,3.5176646383496413e-12,16568,195.0,7,50.0,,,ARC-noGuard,kill_cascade,200
5560.0,84.89656606964408,0.0,276.63194444444446,301.0,13.667383243877795,1.510982944912049e-13,20593,335.0,3,140.0,,,ARC-noGuard,kill_cascade,201
5360.0,85.61947209687682,0.0,299.74305555555554,301.0,13.396264343075302,5.245152957208017e-13,20427,120.0,3,180.0,,,ARC-noGuard,kill_cascade,202
4885.0,77.15846065802467,0.0,250.98055555555555,301.0,12.881344524012281,1.6287044072078477e-13,19563,210.0,5,245.0,,,ARC-noGuard,kill_cascade,203
5155.0,80.0231895718926,0.0,295.48055555555555,301.0,13.18220373748389,8.930570538529867e-13,20576,145.0,2,105.0,,,ARC-noGuard,kill_cascade,204
4995.0,77.28301868416942,0.0,274.95,301.0,13.404886483542144,9.025074380063541e-14,20387,140.0,2,50.0,,,ARC-noGuard,kill_cascade,205
2750.0,45.186498794938544,0.0,261.1986111111111,301.0,11.52986174634151,1.0108456630127264e-11,16027,60.0,7,0.0,,,ARC-noGuard,kill_cascade,206
5110.0,77.96932202085051,0.0,272.00694444444446,301.0,13.178407219218375,3.8864649457856856e-13,20223,265.0,3,135.0,,,ARC-noGuard,kill_cascade,207
4780.0,74.24108874142708,0.0,274.98055555555555,301.0,12.673833682243233,9.266224178259649e-13,19393,150.0,4,35.0,,,ARC-noGuard,kill_cascade,208
5240.0,82.86468474114278,0.0,271.90555555555557,301.0,13.652230871614144,2.4314492599057996e-13,20211,460.0,4,210.0,,,ARC-noGuard,kill_cascade,209
3830.0,56.74277242841036,0.0,259.3888888888889,301.0,12.251060702141222,2.452827508950911e-12,18699,200.0,6,115.0,,,ARC-noGuard,kill_cascade,210
5315.0,82.13299629955237,0.0,294.14444444444445,301.0,13.606423307603475,5.788197729759205e-13,21401,100.0,2,100.0,,,ARC-noGuard,kill_cascade,211
3580.0,59.91870287645693,0.0,266.6347222222222,301.0,11.296686267229651,2.7179146507943763e-11,16944,40.0,8,155.0,,,ARC-noGuard,kill_cascade,212
5200.0,80.41980868879978,0.0,285.29027777777776,301.0,13.398402954023211,2.1358932531330235e-13,20649,305.0,3,115.0,,,ARC-noGuard,kill_cascade,213
4750.0,73.90873412331366,0.0,288.71666666666664,301.0,12.866369830180743,5.974039993597129e-12,20011,320.0,6,125.0,,,ARC-noGuard,kill_cascade,214
5155.0,80.42084486509006,0.0,255.29722222222222,301.0,13.116485717440453,8.574098909222956e-13,19706,170.0,3,90.0,,,ARC-noGuard,kill_cascade,215
5115.0,78.20037574531,0.0,300.49861111111113,301.0,12.662438498925768,1.4109050989261405e-12,20773,100.0,4,185.0,,,ARC-noGuard,kill_cascade,216
4915.0,75.56255192701506,0.0,275.1847222222222,301.0,12.777698045594294,4.457930771748371e-12,20461,140.0,6,220.0,,,ARC-noGuard,kill_cascade,217
3395.0,57.20165008285416,0.0,252.63055555555556,301.0,12.010901185863323,9.836778772732941e-12,16216,240.0,8,145.0,,,ARC-noGuard,kill_cascade,218
5415.0,82.41237176636129,0.0,287.60833333333335,301.0,13.777974093703758,2.316683169155837e-13,20475,140.0,2,85.0,,,ARC-noGuard,kill_cascade,219
4660.0,73.48479973822761,0.0,278.4583333333333,301.0,13.144014598835033,3.644902022753136e-13,19569,305.0,4,60.0,,,ARC-noGuard,kill_cascade,220
5225.0,80.03888849189006,0.0,256.1666666666667,301.0,13.018994155586354,8.603389584381741e-12,19712,125.0,3,90.0,,,ARC-noGuard,kill_cascade,221
5210.0,79.31756124596241,0.0,283.5625,301.0,13.445037612265784,1.1495666121357196e-12,20696,115.0,2,100.0,,,ARC-noGuard,kill_cascade,222
5455.0,83.82833213505361,0.0,291.0152777777778,301.0,13.37432080099388,1.2995533927782502e-12,21003,165.0,1,0.0,,,ARC-noGuard,kill_cascade,223
2865.0,49.04941157728978,0.0,244.43333333333334,301.0,11.089345322059328,2.4723944790289006e-12,15761,60.0,7,5.0,,,ARC-noGuard,kill_cascade,224
5260.0,80.12638381790774,0.0,290.1166666666667,301.0,13.541082524202645,1.3402842993871208e-12,20878,295.0,3,135.0,,,ARC-noGuard,kill_cascade,225
5060.0,79.36330709304843,0.0,279.9875,301.0,13.434689290275776,5.599474897649347e-13,20220,95.0,3,5.0,,,ARC-noGuard,kill_cascade,226
5025.0,79.31930751667878,0.0,253.8513888888889,301.0,12.573236832973555,1.2390693434315218e-12,19453,230.0,3,60.0,,,ARC-noGuard,kill_cascade,227
4670.0,71.29812476368777,0.0,270.5513888888889,301.0,13.138639540785931,1.4725427350857336e-13,19199,90.0,6,225.0,,,ARC-noGuard,kill_cascade,228
5115.0,79.4326642930015,0.0,288.43333333333334,301.0,13.113544064682094,1.1912866845127977e-12,21039,120.0,4,225.0,,,ARC-noGuard,kill_cascade,229
0.0,0.0,0.0,307.2625,301.0,0.12997186475150113,1.0,2363,0.0,10,0.0,,,ARC-noRemed,node_failure,200
1125.0,15.347749904773078,0.0,403.9736111111111,301.0,9.107695081446147,3.199558060185277e-07,2860,0.0,8,0.0,,,ARC-noRemed,node_failure,201
1815.0,25.932802643776366,0.0,436.25555555555553,301.0,12.129971864751502,4.691666419089773e-13,2677,240.0,8,0.0,,,ARC-noRemed,node_failure,202
2670.0,39.34052325375521,0.0,451.6722222222222,301.0,12.123151669107152,8.10430884418579e-13,2061,535.0,6,0.0,,,ARC-noRemed,node_failure,203
0.0,0.0,0.0,384.51944444444445,301.0,0.12997186475150113,1.0,3464,0.0,9,0.0,,,ARC-noRemed,node_failure,204
6600.0,99.99999895482973,0.0,551.8333333333334,301.0,13.27755443655336,3.5632851155938836e-12,322,1200.0,0,0.0,,,ARC-noRemed,node_failure,205
2430.0,42.08970847304122,0.0,403.70416666666665,301.0,12.129971864751502,4.011072294813621e-13,1943,1200.0,6,0.0,,,ARC-noRemed,node_failure,206
5.0,0.03413073641491682,0.0,372.27916666666664,301.0,0.12997186475150113,0.845802699035496,3186,0.0,9,0.0,,,ARC-noRemed,node_failure,207
1780.0,25.521692747764423,0.0,423.58472222222224,301.0,12.129971864751502,8.390941990280298e-13,2580,270.0,8,0.0,,,ARC-noRemed,node_failure,208
0.0,0.0,0.0,367.0111111111111,301.0,0.12997186475150113,1.0,3349,0.0,10,0.0,,,ARC-noRemed,node_failure,209
0.0,0.0,0.0,385.33194444444445,301.0,0.12997186475150113,1.0,3534,0.0,9,0.0,,,ARC-noRemed,node_failure,210
6600.0,99.99999901833479,0.0,551.8333333333334,301.0,12.129971864751502,9.879976247857953e-12,293,1200.0,0,0.0,,,ARC-noRemed,node_failure,211
0.0,0.0,0.0,313.73055555555555,301.0,0.12997186475150113,1.0,2401,0.0,10,0.0,,,ARC-noRemed,node_failure,212
15.0,0.07822465722583383,0.0,390.7611111111111,301.0,0.12997186475150113,0.7260144285229634,3269,0.0,9,0.0,,,ARC-noRemed,node_failure,213
4795.0,68.7543459979158,0.0,519.4236111111111,301.0,14.600582666492198,7.097379343634069e-13,1297,1200.0,3,0.0,,,ARC-noRemed,node_failure,214
2670.0,39.21692551293573,0.0,451.9819444444444,301.0,12.123151669107152,6.926197414693191e-13,2068,975.0,6,0.0,,,ARC-noRemed,node_failure,215
0.0,0.0,0.0,393.73333333333335,301.0,0.12997186475150113,1.0,3557,0.0,9,0.0,,,ARC-noRemed,node_failure,216
6600.0,99.99999918817191,0.0,551.8333333333334,301.0,12.129971864751502,5.55617602965133e-12,315,1200.0,0,0.0,,,ARC-noRemed,node_failure,217
0.0,0.0,0.0,311.9638888888889,301.0,0.12997186475150113,1.0,2349,0.0,10,0.0,,,ARC-noRemed,node_failure,218
6600.0,99.99999991882709,0.0,551.8333333333334,301.0,15.129971864751502,2.122698737769609e-14,259,1200.0,0,0.0,,,ARC-noRemed,node_failure,219
1825.0,25.966610419251314,0.0,434.0597222222222,301.0,12.123151669107152,1.7324598145361366e-11,2688,140.0,8,0.0,,,ARC-noRemed,node_failure,220
2670.0,39.23964630863609,0.0,454.625,301.0,12.123151669107152,1.1631927661167919e-12,2058,835.0,6,0.0,,,ARC-noRemed,node_failure,221
2325.0,30.958839428981555,0.0,461.4791666666667,301.0,12.129971864751502,1.1596614069075645e-12,2390,590.0,6,0.0,,,ARC-noRemed,node_failure,222
6600.0,99.99999963796115,0.0,551.8333333333334,301.0,14.07405924011873,1.0394713498036385e-12,320,1200.0,0,0.0,,,ARC-noRemed,node_failure,223
0.0,0.007272619344345088,0.0,315.2111111111111,301.0,0.12997186475150113,0.9508925619754314,2296,0.0,10,0.0,,,ARC-noRemed,node_failure,224
15.0,0.08788611641680211,0.0,379.5833333333333,301.0,0.12997186475150113,0.6559002120398119,3178,0.0,9,0.0,,,ARC-noRemed,node_failure,225
1825.0,26.008895311139966,0.0,421.3888888888889,301.0,12.129971864751502,1.3394925652393932e-12,2545,25.0,8,0.0,,,ARC-noRemed,node_failure,226
2670.0,39.253683442259266,0.0,447.45694444444445,301.0,12.129971864751502,8.374088604958899e-13,2114,945.0,6,0.0,,,ARC-noRemed,node_failure,227
0.0,0.0,0.0,377.2083333333333,301.0,0.12997186475150113,1.0,3446,0.0,10,0.0,,,ARC-noRemed,node_failure,228
6600.0,99.99999885180812,0.0,551.8333333333334,301.0,13.277354721119757,1.5939743550327056e-12,333,1200.0,0,0.0,,,ARC-noRemed,node_failure,229
3160.0,51.06727048946801,0.0,261.35277777777776,301.0,11.455493184585869,2.1386154153013146e-11,16375,70.0,8,65.0,,,ARC-noGuard,node_failure,200
5310.0,80.3976946511971,0.0,280.9125,301.0,14.155190765840928,1.510982944912049e-13,20615,280.0,4,175.0,,,ARC-noGuard,node_failure,201
5230.0,83.49654811977642,0.0,296.72222222222223,301.0,13.249404645309019,4.2120128346330535e-13,20196,115.0,5,195.0,,,ARC-noGuard,node_failure,202
5270.0,83.75855806584053,0.0,258.80694444444447,301.0,13.15033965022654,1.5301414888288164e-12,19941,190.0,3,150.0,,,ARC-noGuard,node_failure,203
5080.0,78.80378896776882,0.0,291.28333333333336,301.0,13.183770480941577,1.0344428902370084e-13,20388,60.0,4,135.0,,,ARC-noGuard,node_failure,204
5090.0,77.54505557139974,0.0,274.15555555555557,301.0,13.464046001715973,2.122834277631753e-13,20592,180.0,4,105.0,,,ARC-noGuard,node_failure,205
2745.0,45.9508352047535,0.0,266.0097222222222,301.0,11.89795118444673,1.0108456630127264e-11,16065,60.0,7,0.0,,,ARC-noGuard,node_failure,206
5025.0,76.90308818313252,0.0,269.7013888888889,301.0,13.111102864991835,5.712515907808934e-14,20276,475.0,5,170.0,,,ARC-noGuard,node_failure,207
5220.0,82.13813288596205,0.0,289.2472222222222,301.0,12.951343175221139,9.266224178259649e-13,20379,160.0,2,100.0,,,ARC-noGuard,node_failure,208
5075.0,79.9098426979065,0.0,271.87083333333334,301.0,13.342521376360652,1.0231394572310575e-12,20142,200.0,2,60.0,,,ARC-noGuard,node_failure,209
4280.0,65.49939034188652,0.0,252.01527777777778,301.0,12.483910260553058,3.438562417905169e-12,18645,240.0,5,120.0,,,ARC-noGuard,node_failure,210
5185.0,80.43931340048229,0.0,291.3375,301.0,13.562634008324862,1.2412209435538873e-12,21227,420.0,3,120.0,,,ARC-noGuard,node_failure,211
2895.0,48.82833802776003,0.0,262.15694444444443,301.0,11.12974601781891,9.965756804845309e-11,16215,45.0,7,90.0,,,ARC-noGuard,node_failure,212
5155.0,79.3042263510785,0.0,282.2652777777778,301.0,13.450651730567142,2.1358932531330235e-13,20564,295.0,5,145.0,,,ARC-noGuard,node_failure,213
4975.0,77.4116965183174,0.0,296.59166666666664,301.0,13.061817071042784,5.653414131673615e-13,20352,260.0,5,145.0,,,ARC-noGuard,node_failure,214
4885.0,75.63326893765296,0.0,257.7986111111111,301.0,12.912457482181788,1.5178928040198442e-12,19696,80.0,3,135.0,,,ARC-noGuard,node_failure,215
4875.0,74.26044789325105,0.0,289.11805555555554,301.0,13.329215916688662,1.4109050989261405e-12,20292,95.0,5,180.0,,,ARC-noGuard,node_failure,216
5040.0,75.62057623052398,0.0,286.37361111111113,301.0,13.240286840890448,1.878865393646934e-12,21093,235.0,6,185.0,,,ARC-noGuard,node_failure,217
2920.0,48.73464067459279,0.0,245.66944444444445,301.0,11.865247136828604,6.3826694753843e-11,15870,195.0,9,135.0,,,ARC-noGuard,node_failure,218
5575.0,85.67470052011062,0.0,296.7763888888889,301.0,13.853307348138857,1.0811251813958829e-13,20816,145.0,1,55.0,,,ARC-noGuard,node_failure,219
4850.0,77.61213201374295,0.0,279.93333333333334,301.0,13.459545789406718,1.3458095563030462e-12,19850,190.0,3,60.0,,,ARC-noGuard,node_failure,220
5355.0,82.50935265225141,0.0,260.5361111111111,301.0,13.201010464379484,5.686483509697449e-12,19959,415.0,2,65.0,,,ARC-noGuard,node_failure,221
5265.0,80.90482782696618,0.0,284.1847222222222,301.0,13.080658766410764,3.5180603025407255e-12,20397,115.0,4,160.0,,,ARC-noGuard,node_failure,222
5350.0,82.14907968181087,0.0,288.525,301.0,13.181186526383557,1.1416424299023046e-11,20789,205.0,3,45.0,,,ARC-noGuard,node_failure,223
2725.0,46.91807525135595,0.0,251.4388888888889,301.0,11.57102166142398,2.4723944790289006e-12,15848,60.0,7,5.0,,,ARC-noGuard,node_failure,224
5250.0,79.77372040843089,0.0,295.68611111111113,301.0,13.09797161569962,1.3402842993871208e-12,20978,185.0,1,50.0,,,ARC-noGuard,node_failure,225
5275.0,82.7442483818206,0.0,272.8388888888889,301.0,13.354981924191199,5.194708274356554e-13,20168,120.0,3,85.0,,,ARC-noGuard,node_failure,226
5245.0,81.12177063097363,0.0,251.7097222222222,301.0,12.480451599425702,1.2390693434315218e-12,19865,135.0,1,45.0,,,ARC-noGuard,node_failure,227
4940.0,77.82552082889157,0.0,269.9013888888889,301.0,13.725368749229654,1.4725427350857336e-13,19479,95.0,3,145.0,,,ARC-noGuard,node_failure,228
5210.0,79.46456496909032,0.0,294.89722222222224,301.0,13.537832347919394,4.150470354989078e-13,21136,135.0,5,205.0,,,ARC-noGuard,node_failure,229
345.0,6.592275874857789,0.0,324.02777777777777,301.0,4.851966935266392,3.1172212425784544e-13,2426,345.0,10,35.0,,,ARC-noRemed,gray,200
4530.0,70.5748855418336,0.0,487.30833333333334,301.0,15.129971864751502,4.667565225877911e-15,1344,1190.0,3,0.0,,,ARC-noRemed,gray,201
1830.0,26.232576353142058,0.0,439.0986111111111,301.0,12.129971864751502,6.424544751640208e-14,2675,260.0,7,0.0,,,ARC-noRemed,gray,202
3900.0,59.182217525348534,0.0,488.6041666666667,301.0,16.12790054099649,3.8660899999886e-15,1518,1200.0,4,0.0,,,ARC-noRemed,gray,203
0.0,0.00042524297159118873,0.0,388.1722222222222,301.0,0.12997186475150113,0.9966375247452492,3440,0.0,9,0.0,,,ARC-noRemed,gray,204
6600.0,99.9999992617242,0.0,551.8333333333334,301.0,19.112036945052772,9.411504236717262e-14,305,1200.0,0,0.0,,,ARC-noRemed,gray,205
2425.0,42.13886473503411,0.0,403.18194444444447,301.0,16.116835434733883,3.775740489546779e-15,1963,1200.0,6,0.0,,,ARC-noRemed,gray,206
5.0,0.11081452806547265,0.0,378.56805555555553,301.0,0.12997186475150113,0.4765057883703311,3210,0.0,9,0.0,,,ARC-noRemed,gray,207
2745.0,42.04192679782896,0.0,447.8277777777778,301.0,19.019113308452003,8.234990173276129e-15,2079,1200.0,6,0.0,,,ARC-noRemed,gray,208
4945.0,77.56990155096756,0.0,494.775,301.0,17.758367661451896,3.1218268104033555e-16,1299,1190.0,3,0.0,,,ARC-noRemed,gray,209
0.0,0.0,0.0,389.01666666666665,301.0,0.12997186475150113,1.0,3557,0.0,9,0.0,,,ARC-noRemed,gray,210
6600.0,99.99999893666764,0.0,551.8333333333334,301.0,18.9767055101023,1.0315961328920922e-13,289,1200.0,0,0.0,,,ARC-noRemed,gray,211
2405.0,41.926188733650015,0.0,401.8388888888889,301.0,20.708140903407035,4.0643728888282016e-16,1942,1200.0,7,0.0,,,ARC-noRemed,gray,212
5000.0,77.48481351518934,0.0,504.12361111111113,301.0,16.193428498068343,1.0308057797119437e-14,1319,1170.0,3,40.0,,,ARC-noRemed,gray,213
4800.0,68.76886138572665,0.0,519.2375,301.0,19.112036945052772,5.429013105627597e-15,1240,1200.0,3,0.0,,,ARC-noRemed,gray,214
6595.0,99.99999898840106,0.0,551.8333333333334,301.0,16.060446487260155,1.7686775367116912e-14,210,1200.0,0,0.0,,,ARC-noRemed,gray,215
0.0,0.0,0.0,395.99305555555554,301.0,0.12997186475150113,1.0,3500,0.0,9,0.0,,,ARC-noRemed,gray,216
6600.0,99.99999933191725,0.0,551.8333333333334,301.0,19.116835434733883,1.1229113755242077e-13,312,1200.0,0,0.0,,,ARC-noRemed,gray,217
370.0,7.058059064137023,0.0,329.8208333333333,301.0,10.85443657569248,2.5290890843273668e-14,2478,370.0,9,0.0,,,ARC-noRemed,gray,218
6600.0,99.99999997540188,0.0,551.8333333333334,301.0,22.116835434733883,2.040955666207307e-17,237,1200.0,0,0.0,,,ARC-noRemed,gray,219
2860.0,44.02164830123768,0.0,455.68333333333334,301.0,18.823469716899695,1.1533754810808559e-14,2146,1175.0,6,0.0,,,ARC-noRemed,gray,220
6595.0,99.96103271957894,0.0,551.8333333333334,301.0,17.490542724576102,1.0560156666001283e-14,208,1200.0,0,0.0,,,ARC-noRemed,gray,221
6360.0,97.96014693955335,0.0,548.5041666666667,301.0,19.123151669107155,5.0717431466195287e-14,708,590.0,1,0.0,,,ARC-noRemed,gray,222
6600.0,99.99999964415657,0.0,551.8333333333334,301.0,19.499094910288278,1.0145560425988825e-15,308,1200.0,0,0.0,,,ARC-noRemed,gray,223
110.0,1.1780214381336251,0.0,319.64166666666665,301.0,0.12997186475150113,8.769929634789348e-08,2316,110.0,10,0.0,,,ARC-noRemed,gray,224
4615.0,71.68538834372201,0.0,492.68888888888887,301.0,19.112036945052772,2.2495977151155125e-14,1334,1195.0,3,0.0,,,ARC-noRemed,gray,225
1835.0,26.138059179539475,0.0,425.3569444444444,301.0,12.123151669107152,1.7087121660284454e-14,2558,30.0,8,0.0,,,ARC-noRemed,gray,226
2990.0,44.14548157682102,0.0,461.25138888888887,301.0,15.876832435523262,5.678369730217263e-13,1891,1200.0,6,0.0,,,ARC-noRemed,gray,227
0.0,0.0,0.0,381.0777777777778,301.0,0.12997186475150113,1.0,3403,0.0,10,0.0,,,ARC-noRemed,gray,228
6600.0,99.9999989734906,0.0,551.8333333333334,301.0,19.123151669107155,9.306456885743721e-14,314,1200.0,0,0.0,,,ARC-noRemed,gray,229
3765.0,63.67805981843509,0.0,282.9263888888889,301.0,15.122376792864705,1.0470152912394578e-12,17331,375.0,6,50.0,,,ARC-noGuard,gray,200
5705.0,86.83282418648263,0.0,283.15694444444443,301.0,15.542011993525641,1.510982944912049e-13,20361,1200.0,1,5.0,,,ARC-noGuard,gray,201
5445.0,86.4926621757503,0.0,303.91805555555555,301.0,13.521677518887815,4.0480910905065514e-13,20358,820.0,3,60.0,,,ARC-noGuard,gray,202
5440.0,84.6197756546922,0.0,271.4194444444444,301.0,13.895422557520082,1.3716994905903947e-13,20177,320.0,1,60.0,,,ARC-noGuard,gray,203
5600.0,85.28638389170757,0.0,295.9875,301.0,14.363991505775841,1.9990471256218274e-12,20228,980.0,1,45.0,,,ARC-noGuard,gray,204
5110.0,76.35068987000193,0.0,276.11805555555554,301.0,16.36981729994618,8.90648089365998e-15,20793,205.0,3,120.0,,,ARC-noGuard,gray,205
3155.0,52.776953397818914,0.0,267.7055555555556,301.0,13.116835434733883,7.436301020128323e-12,16123,530.0,7,55.0,,,ARC-noGuard,gray,206
5350.0,82.50176434322624,0.0,269.83472222222224,301.0,15.002112177524415,4.572238294156801e-12,19889,635.0,4,200.0,,,ARC-noGuard,gray,207
5225.0,79.41410072222648,0.0,288.00138888888887,301.0,14.409512741355508,3.02822946222962e-13,19849,1200.0,2,5.0,,,ARC-noGuard,gray,208
5190.0,81.38099317345662,0.0,271.19444444444446,301.0,14.606961866976652,1.8065398957215604e-15,20191,180.0,3,160.0,,,ARC-noGuard,gray,209
5115.0,78.11528320811215,0.0,282.7472222222222,301.0,13.182843812910946,7.913868617512422e-12,19879,245.0,3,125.0,,,ARC-noGuard,gray,210
5325.0,81.77135590595896,0.0,297.21666666666664,301.0,14.012596663351923,2.3794838569286216e-12,21308,85.0,4,150.0,,,ARC-noGuard,gray,211
3130.0,51.35989386458728,0.0,263.21666666666664,301.0,12.744390485994936,6.155702868933453e-15,16520,480.0,7,65.0,,,ARC-noGuard,gray,212
5190.0,79.84145478331304,0.0,285.3277777777778,301.0,13.764241431228827,2.1358932531330235e-13,20489,830.0,4,125.0,,,ARC-noGuard,gray,213
4865.0,76.58454177136153,0.0,299.81666666666666,301.0,16.839011182925134,1.7198667595789634e-14,20867,265.0,5,180.0,,,ARC-noGuard,gray,214
5540.0,86.368865241694,0.0,272.3361111111111,301.0,15.195798871839502,4.691578048380447e-13,20048,965.0,2,100.0,,,ARC-noGuard,gray,215
5155.0,77.46741648930566,0.0,308.29583333333335,301.0,14.082111390196808,1.9164033099711867e-14,20908,95.0,3,90.0,,,ARC-noGuard,gray,216
5350.0,82.48260269867384,0.0,288.87638888888887,301.0,14.316628830574187,3.779256769818159e-12,20750,965.0,5,160.0,,,ARC-noGuard,gray,217
3795.0,64.63075299879077,0.0,266.03194444444443,301.0,13.123151669107152,3.037221685730635e-13,16835,210.0,6,90.0,,,ARC-noGuard,gray,218
5700.0,86.1866245097034,0.0,291.9875,301.0,14.91248604634695,3.4532585922415605e-13,20697,145.0,0,0.0,,,ARC-noGuard,gray,219
5085.0,81.65866783367886,0.0,285.89722222222224,301.0,14.47359861125667,5.997833245945158e-13,20017,205.0,4,145.0,,,ARC-noGuard,gray,220
5350.0,82.15536457726564,0.0,265.5486111111111,301.0,13.92375287666745,1.4185400256274322e-12,20078,280.0,2,110.0,,,ARC-noGuard,gray,221
5540.0,85.12537043814145,0.0,292.2861111111111,301.0,13.915511525568558,8.700329071519328e-13,20557,485.0,1,25.0,,,ARC-noGuard,gray,222
5755.0,87.58576001041655,0.0,297.01666666666665,301.0,15.403060293915061,5.058119193382667e-13,20697,1200.0,3,140.0,,,ARC-noGuard,gray,223
3430.0,57.719557598748224,0.0,259.55833333333334,301.0,13.123151669107152,2.4723944790289006e-12,16435,655.0,6,5.0,,,ARC-noGuard,gray,224
5390.0,81.90591871003043,0.0,294.6513888888889,301.0,15.947830917610078,5.999377345615492e-15,21093,185.0,1,45.0,,,ARC-noGuard,gray,225
5530.0,86.81216666977689,0.0,295.825,301.0,13.94348155036474,2.7248724253627684e-13,20302,310.0,3,115.0,,,ARC-noGuard,gray,226
5500.0,85.58670137413264,0.0,262.8958333333333,301.0,15.424136888807906,3.217837823476443e-13,19607,935.0,2,90.0,,,ARC-noGuard,gray,227
5360.0,81.67994557045908,0.0,280.58472222222224,301.0,14.407762665197668,1.4725427350857336e-13,19868,225.0,2,95.0,,,ARC-noGuard,gray,228
5355.0,83.06863788982041,0.0,294.48055555555555,301.0,13.975585728884605,1.1913146957720286e-14,21005,165.0,4,195.0,,,ARC-noGuard,gray,229
0.0,0.5074097346776107,0.5074097346776134,307.7125,301.0,0.12997186475150113,0.9699999999999999,2230,0.0,10,0.0,10.0,,ARC-noRemed,ddos,200
15.0,0.5009715026866757,0.3826986042371721,375.7972222222222,301.0,0.12997186475150113,0.5250095573108472,3155,0.0,8,0.0,5.0,,ARC-noRemed,ddos,201
1810.0,26.361496879018198,0.47302241777912674,439.87361111111113,301.0,12.129971864751502,3.032082511147893e-11,2669,240.0,6,0.0,10.0,,ARC-noRemed,ddos,202
6595.0,99.99999957206772,0.42110808445496156,551.8333333333334,301.0,13.276578764760405,4.250661294136427e-13,206,1200.0,0,0.0,5.0,,ARC-noRemed,ddos,203
0.0,0.3663557705506082,0.36635577055062263,387.34444444444443,301.0,0.12997186475150113,0.9699999999999999,3400,0.0,8,0.0,10.0,,ARC-noRemed,ddos,204
6600.0,99.99999920668587,0.40597736606262236,551.8333333333334,301.0,12.129971864751502,1.0150109323400486e-11,305,1200.0,0,0.0,10.0,,ARC-noRemed,ddos,205
0.0,0.5693264289951872,0.5693264289951964,318.1347222222222,301.0,0.12997186475150113,0.9699999999999999,2393,0.0,9,0.0,5.0,,ARC-noRemed,ddos,206
10.0,0.4943843855767738,0.3636640859383075,377.93333333333334,301.0,0.12997186475150113,0.3911872959856088,3142,0.0,8,0.0,5.0,,ARC-noRemed,ddos,207
1810.0,26.44137035245391,0.4676848777470394,426.9583333333333,301.0,12.129971864751502,7.644169692374457e-13,2529,270.0,6,0.0,10.0,,ARC-noRemed,ddos,208
0.0,0.47657893753292324,0.47657893753292363,369.7138888888889,301.0,0.12997186475150113,0.9699999999999999,3311,0.0,9,0.0,5.0,,ARC-noRemed,ddos,209
0.0,0.363790865397029,0.36379086539702876,387.45972222222224,301.0,0.12997186475150113,0.9699999999999999,3436,0.0,8,0.0,5.0,,ARC-noRemed,ddos,210
6600.0,99.99999881077261,0.3815951061092144,551.8333333333334,301.0,12.129971864751502,1.1797823875939489e-11,289,1200.0,0,0.0,5.0,,ARC-noRemed,ddos,211
0.0,0.5674251797368912,0.5674251797368922,316.94166666666666,301.0,0.12997186475150113,0.9699999999999999,2323,0.0,9,0.0,10.0,,ARC-noRemed,ddos,212
15.0,0.5727062813908668,0.40477716998229146,395.4611111111111,301.0,0.12997186475150113,0.3030729386769508,3241,0.0,8,0.0,5.0,,ARC-noRemed,ddos,213
4800.0,68.76886132281344,0.5062033243994886,519.2375,301.0,12.129971864751502,1.4031899614169334e-12,1240,1200.0,3,0.0,5.0,,ARC-noRemed,ddos,214
2670.0,39.216925478816655,0.46663722135432123,451.86805555555554,301.0,12.123151669107152,6.926197414693191e-13,2033,975.0,6,0.0,10.0,,ARC-noRemed,ddos,215
0.0,0.3621420547754939,0.362142054775503,395.91805555555555,301.0,0.12997186475150113,0.9699999999999999,3459,0.0,8,0.0,5.0,,ARC-noRemed,ddos,216
6600.0,99.99999927367202,0.40610700578627074,551.8333333333334,301.0,12.129971864751502,5.5529364743247395e-12,312,1200.0,0,0.0,5.0,,ARC-noRemed,ddos,217
0.0,0.5080691193156461,0.5080691193156492,316.0625,301.0,0.12997186475150113,0.9699999999999999,2454,0.0,10,0.0,5.0,,ARC-noRemed,ddos,218
6600.0,99.99999996123312,0.40313013015751187,551.8333333333334,301.0,18.1299718647515,1.631299744654592e-14,237,1200.0,0,0.0,10.0,,ARC-noRemed,ddos,219
1845.0,26.896458863046114,0.5069114399221284,434.8486111111111,301.0,12.129971864751502,1.0133987834310193e-11,2703,160.0,7,5.0,5.0,,ARC-noRemed,ddos,220
6595.0,99.99999951511937,0.4494922348951234,551.8333333333334,301.0,13.325691866047285,2.1346185902138546e-13,205,1200.0,0,0.0,10.0,,ARC-noRemed,ddos,221
6575.0,99.99999958876045,0.377401490853407,551.8333333333334,301.0,12.129971864751502,9.164095176844955e-13,297,1200.0,0,0.0,5.0,,ARC-noRemed,ddos,222
6600.0,99.99999963800104,0.3998322556024517,551.8333333333334,301.0,15.111626188937812,7.606310544703454e-13,308,1200.0,0,0.0,5.0,,ARC-noRemed,ddos,223
0.0,0.5651528093886582,0.5651528093886464,318.9611111111111,301.0,0.12997186475150113,0.9699999999999999,2297,0.0,9,0.0,10.0,,ARC-noRemed,ddos,224
15.0,0.4563952490323486,0.3685091326155389,382.5777777777778,301.0,0.12997186475150113,0.6559002120398119,3117,0.0,8,0.0,5.0,,ARC-noRemed,ddos,225
1830.0,26.603241017509514,0.4987314468821888,425.28472222222223,301.0,12.123151669107152,2.6736428318192228e-12,2626,30.0,7,0.0,10.0,,ARC-noRemed,ddos,226
2670.0,39.25368341641477,0.45711796267037164,445.60833333333335,301.0,12.123151669107152,8.374088604958899e-13,1985,945.0,6,0.0,5.0,,ARC-noRemed,ddos,227
0.0,0.3603348988865718,0.36033489888658343,380.1041666666667,301.0,0.12997186475150113,0.9699999999999999,3425,0.0,8,0.0,10.0,,ARC-noRemed,ddos,228
6600.0,99.99999893281536,0.39987943815915616,551.8333333333334,301.0,12.129971864751502,8.404613275471991e-11,314,1200.0,0,0.0,5.0,,ARC-noRemed,ddos,229
3695.0,59.295301034068615,0.511066503909825,279.9222222222222,301.0,12.026599508598004,1.7405199338138625e-11,17618,165.0,6,5.0,5.0,,ARC-noGuard,ddos,200
5470.0,83.95092731025319,0.3826986042371721,292.15972222222223,301.0,13.797803205625923,1.510982944912049e-13,20834,100.0,2,115.0,5.0,,ARC-noGuard,ddos,201
5290.0,84.5061779867414,0.47302241777912674,293.1111111111111,301.0,13.133498053753673,1.907505568628628e-12,20292,315.0,2,60.0,10.0,,ARC-noGuard,ddos,202
5275.0,82.5742155727035,0.42110808445496156,266.3652777777778,301.0,13.111728124666199,2.7940870362632993e-12,20148,200.0,2,85.0,5.0,,ARC-noGuard,ddos,203
5225.0,81.12818419354304,0.36635577055062263,301.80694444444447,301.0,12.85421304510024,8.043809614412519e-13,20485,95.0,3,105.0,10.0,,ARC-noGuard,ddos,204
5240.0,81.43054567035874,0.4074254837317919,281.70694444444445,301.0,13.759741709238822,1.0711033492205455e-12,20820,430.0,3,115.0,10.0,,ARC-noGuard,ddos,205
3030.0,50.90892686509187,0.5671163010747503,274.50555555555553,301.0,11.974519764063777,1.0108456630127264e-11,16576,160.0,7,0.0,10.0,,ARC-noGuard,ddos,206
5045.0,76.72212817267739,0.3636640859383075,271.1458333333333,301.0,13.410635204575287,4.3236052076635936e-13,20189,235.0,3,150.0,5.0,,ARC-noGuard,ddos,207
5265.0,82.32320113892372,0.4676848777470394,298.85555555555555,301.0,12.843311443569597,9.266224178259649e-13,20488,275.0,3,85.0,10.0,,ARC-noGuard,ddos,208
5065.0,79.9065668740157,0.47657893753292363,274.61805555555554,301.0,13.344401003155053,1.1877293329809882e-12,20354,195.0,4,195.0,5.0,,ARC-noGuard,ddos,209
5210.0,81.2526264916848,0.36379086539702876,282.1430555555556,301.0,12.662169520051487,3.816815709775972e-12,19785,255.0,2,95.0,5.0,,ARC-noGuard,ddos,210
4975.0,75.97625589970333,0.37907838106300257,296.9222222222222,301.0,13.293613606952297,2.3794838569286216e-12,21237,155.0,3,145.0,5.0,,ARC-noGuard,ddos,211
2590.0,42.68658623814684,0.5652885592142087,257.6347222222222,301.0,11.071048993196039,1.7728789796694217e-11,15955,40.0,8,65.0,10.0,,ARC-noGuard,ddos,212
4730.0,72.8715388366487,0.40477716998229146,279.50694444444446,301.0,13.364404012906737,2.1358932531330235e-13,20255,260.0,4,150.0,5.0,,ARC-noGuard,ddos,213
4775.0,74.85866132357202,0.5031298496594505,301.0111111111111,301.0,13.041495430878548,4.031196944521277e-12,20582,265.0,5,190.0,5.0,,ARC-noGuard,ddos,214
5280.0,81.92024590178269,0.4669833004251563,273.2916666666667,301.0,13.050190909496303,4.9977163487117764e-14,20149,645.0,3,160.0,10.0,,ARC-noGuard,ddos,215
5080.0,78.29839240663534,0.35992905207542264,305.9583333333333,301.0,13.149252449907413,3.045221964264682e-13,20837,100.0,4,205.0,10.0,,ARC-noGuard,ddos,216
4730.0,72.42638400575272,0.40610700578627074,282.3361111111111,301.0,12.949530184295778,6.555436492267915e-12,20809,235.0,6,165.0,5.0,,ARC-noGuard,ddos,217
2970.0,48.79824708948445,0.5080691193156492,242.09722222222223,301.0,11.597940373920805,1.8201055201373035e-12,15843,15.0,7,90.0,5.0,,ARC-noGuard,ddos,218
5210.0,79.74606512188122,0.40313013015751187,287.20416666666665,301.0,14.038406373456644,2.581368545542613e-13,20390,135.0,4,210.0,10.0,,ARC-noGuard,ddos,219
4780.0,76.43610511567927,0.5069114399221284,287.77222222222224,301.0,13.137575526103682,9.598999490435978e-12,20053,200.0,2,50.0,5.0,,ARC-noGuard,ddos,220
4875.0,75.3207457997771,0.45198273400868155,263.7319444444444,301.0,13.047048439503728,1.7518921446311204e-12,19775,185.0,3,145.0,5.0,,ARC-noGuard,ddos,221
5405.0,82.3512291678581,0.373570972019486,295.8638888888889,301.0,13.571863616575982,2.033452885052305e-12,21080,130.0,1,40.0,5.0,,ARC-noGuard,ddos,222
5290.0,80.51806310892805,0.39701168143143634,290.3263888888889,301.0,13.059226670190007,2.500683667283755e-12,20881,240.0,3,155.0,5.0,,ARC-noGuard,ddos,223
3060.0,51.10354817846137,0.5680110066489422,253.68333333333334,301.0,11.843558272891443,2.4723944790289006e-12,16188,530.0,6,55.0,10.0,,ARC-noGuard,ddos,224
5380.0,82.46905118713369,0.3685091326155389,306.1513888888889,301.0,13.253992170515431,1.2415577144614667e-13,21256,380.0,1,25.0,5.0,,ARC-noGuard,ddos,225
5110.0,81.08121040800334,0.50100091013746,278.2319444444444,301.0,13.416433459645674,5.599474897649347e-13,19603,105.0,1,0.0,5.0,,ARC-noGuard,ddos,226
5155.0,81.64470519986824,0.45711796267037164,254.6236111111111,301.0,13.252744408381862,2.499748025558133e-13,19846,105.0,1,45.0,5.0,,ARC-noGuard,ddos,227
4785.0,74.67956620949117,0.36264384982249603,277.56805555555553,301.0,13.352644110690324,1.4725427350857336e-13,19700,90.0,2,100.0,5.0,,ARC-noGuard,ddos,228
5330.0,81.97951805663446,0.39987943815915616,298.54583333333335,301.0,13.46848609640927,5.314753121674831e-13,21409,145.0,3,145.0,5.0,,ARC-noGuard,ddos,229
5.0,0.5240483101634164,0.5103936309750419,307.5625,301.0,0.12997186475150113,0.8621456281955496,2268,5.0,10,0.0,10.0,,ARC-noRemed,ddos_kill,200
5.0,0.40964755086898563,0.38398499047780793,374.85277777777776,301.0,0.12997186475150113,0.8941583932386833,3082,0.0,9,0.0,5.0,,ARC-noRemed,ddos_kill,201
1815.0,26.412250354712143,0.47302241777912674,439.5375,301.0,12.129971864751502,3.3527375445907425e-13,2711,315.0,5,0.0,10.0,,ARC-noRemed,ddos_kill,202
6595.0,99.99999951471916,0.4191319159092301,551.8333333333334,301.0,13.276574517626177,4.78666822791003e-13,214,1200.0,0,0.0,5.0,,ARC-noRemed,ddos_kill,203
0.0,0.3663557705506082,0.36635577055062263,385.10555555555555,301.0,0.12997186475150113,0.9699999999999999,3378,0.0,8,0.0,10.0,,ARC-noRemed,ddos_kill,204
6600.0,99.99999918004609,0.4074254837317919,551.8333333333334,301.0,12.129971864751502,1.016904910454398e-11,316,1200.0,0,0.0,10.0,,ARC-noRemed,ddos_kill,205
0.0,0.5693264289951872,0.5693264289951964,319.4111111111111,301.0,0.12997186475150113,0.9699999999999999,2395,0.0,9,0.0,5.0,,ARC-noRemed,ddos_kill,206
10.0,0.4943843855767738,0.3636640859383075,376.7652777777778,301.0,0.12997186475150113,0.3911872959856088,3167,0.0,8,0.0,5.0,,ARC-noRemed,ddos_kill,207
1815.0,26.50046749629109,0.4676848777470394,427.0361111111111,301.0,12.129971864751502,3.033000951017037e-13,2583,345.0,6,0.0,10.0,,ARC-noRemed,ddos_kill,208
0.0,0.47657893753292324,0.47657893753292363,369.21527777777777,301.0,0.12997186475150113,0.9699999999999999,3300,0.0,9,0.0,5.0,,ARC-noRemed,ddos_kill,209
0.0,0.363790865397029,0.36379086539702876,387.7388888888889,301.0,0.12997186475150113,0.9699999999999999,3511,0.0,8,0.0,5.0,,ARC-noRemed,ddos_kill,210
6600.0,99.99999884154666,0.37907838106300257,551.8333333333334,301.0,12.129971864751502,1.179120989346203e-11,289,1200.0,0,0.0,5.0,,ARC-noRemed,ddos_kill,211
0.0,0.5652885592142054,0.5652885592142087,318.30833333333334,301.0,0.12997186475150113,0.9699999999999999,2372,0.0,9,0.0,10.0,,ARC-noRemed,ddos_kill,212
15.0,0.5727062813908668,0.40477716998229146,394.75416666666666,301.0,0.12997186475150113,0.3030729386769508,3254,0.0,8,0.0,5.0,,ARC-noRemed,ddos_kill,213
4800.0,68.7688614016773,0.5031298496594505,518.8027777777778,301.0,12.129971864751502,1.4043705922282982e-12,1260,1200.0,3,0.0,5.0,,ARC-noRemed,ddos_kill,214
2670.0,39.21692535559035,0.4669833004251563,454.08194444444445,301.0,12.123151669107152,6.926197414693191e-13,2096,900.0,6,0.0,10.0,,ARC-noRemed,ddos_kill,215
0.0,0.36081632533315755,0.3608163253331649,397.87361111111113,301.0,0.12997186475150113,0.9699999999999999,3564,0.0,8,0.0,5.0,,ARC-noRemed,ddos_kill,216
6600.0,99.99999906558843,0.40610700578627074,551.8333333333334,301.0,12.129971864751502,5.672099187014745e-12,310,1200.0,0,0.0,5.0,,ARC-noRemed,ddos_kill,217
0.0,0.5112864815667528,0.5112864815667523,314.19444444444446,301.0,0.12997186475150113,0.9699999999999999,2397,0.0,10,0.0,5.0,,ARC-noRemed,ddos_kill,218
6600.0,99.99999992988934,0.40313013015751187,551.8333333333334,301.0,15.129971864751502,2.122698737769609e-14,263,1200.0,0,0.0,10.0,,ARC-noRemed,ddos_kill,219
1845.0,26.912732168778852,0.5069114399221284,436.4888888888889,301.0,12.123151669107152,1.025600407350209e-14,2653,235.0,7,5.0,5.0,,ARC-noRemed,ddos_kill,220
6595.0,99.99999935892319,0.4494922348951234,551.8333333333334,301.0,13.325686501193106,2.5632373585371923e-13,226,1200.0,0,0.0,10.0,,ARC-noRemed,ddos_kill,221
6575.0,99.99999958660672,0.377401490853407,551.8333333333334,301.0,12.129971864751502,9.183332200553894e-13,300,1200.0,0,0.0,5.0,,ARC-noRemed,ddos_kill,222
6600.0,99.99999959981342,0.3998322556024517,551.8333333333334,301.0,15.111626188937812,8.486757645163263e-13,323,1200.0,0,0.0,5.0,,ARC-noRemed,ddos_kill,223
0.0,0.5680110066489497,0.5680110066489422,318.3847222222222,301.0,0.12997186475150113,0.9699999999999999,2313,0.0,9,0.0,10.0,,ARC-noRemed,ddos_kill,224
15.0,0.4563952490323486,0.3685091326155389,381.2347222222222,301.0,0.12997186475150113,0.6559002120398119,3083,0.0,8,0.0,5.0,,ARC-noRemed,ddos_kill,225
2840.0,43.8021280885366,0.4963629025952412,449.09166666666664,301.0,12.129971864751502,2.4787999632730803e-13,2064,1125.0,6,0.0,10.0,,ARC-noRemed,ddos_kill,226
2670.0,39.25368311718277,0.45711796267037164,447.8597222222222,301.0,12.129971864751502,8.374088604958899e-13,2083,870.0,6,0.0,5.0,,ARC-noRemed,ddos_kill,227
0.0,0.3603348988865718,0.36033489888658343,380.3861111111111,301.0,0.12997186475150113,0.9699999999999999,3439,0.0,8,0.0,10.0,,ARC-noRemed,ddos_kill,228
6600.0,99.99999893281459,0.39987943815915616,551.8333333333334,301.0,12.129971864751502,8.404613275471991e-11,316,1200.0,0,0.0,5.0,,ARC-noRemed,ddos_kill,229
3440.0,56.26664217390365,0.5140504002072535,270.4875,301.0,11.556325127873949,2.1386154153013146e-11,16874,225.0,6,70.0,5.0,,ARC-noGuard,ddos_kill,200
5040.0,75.64318337286808,0.38398499047780793,280.2638888888889,301.0,13.924925864080006,1.510982944912049e-13,20404,142.5,3,170.0,5.0,,ARC-noGuard,ddos_kill,201
5370.0,84.77747939864058,0.47302241777912674,303.95416666666665,301.0,13.015990313470937,2.4051096149997994e-12,20460,275.0,1,0.0,10.0,,ARC-noGuard,ddos_kill,202
5240.0,81.40539437356236,0.4191319159092301,268.7361111111111,301.0,12.828971839444288,3.5343626756067606e-12,20176,150.0,2,105.0,5.0,,ARC-noGuard,ddos_kill,203
5360.0,81.95689825941226,0.36635577055062263,292.40694444444443,301.0,12.917813110314562,1.3757673487868708e-12,20488,135.0,2,90.0,10.0,,ARC-noGuard,ddos_kill,204
5530.0,84.53675325477658,0.40597736606262236,288.06944444444446,293.0,14.05183252533449,6.655730981785104e-13,21354,295.0,1,50.0,10.0,,ARC-noGuard,ddos_kill,205
2885.0,48.62144358749473,0.564724018200418,269.34027777777777,301.0,12.063136828169936,1.0108456630127264e-11,16288,85.0,7,0.0,10.0,,ARC-noGuard,ddos_kill,206
5010.0,76.60624713547162,0.3636640859383075,276.7013888888889,301.0,13.365496814631976,1.8852665687451972e-12,20195,180.0,5,275.0,5.0,,ARC-noGuard,ddos_kill,207
5320.0,84.24672228358257,0.4676848777470394,298.91805555555555,301.0,12.935226450188825,9.266224178259649e-13,20417,190.0,3,130.0,10.0,,ARC-noGuard,ddos_kill,208
5220.0,81.76127290245357,0.47657893753292363,273.0,301.0,13.2924950797788,1.985761437721047e-13,20288,220.0,3,165.0,5.0,,ARC-noGuard,ddos_kill,209
5000.0,76.94097324868186,0.36379086539702876,276.1986111111111,301.0,13.133650178321169,2.8067314779956876e-12,19878,270.0,4,210.0,5.0,,ARC-noGuard,ddos_kill,210
5250.0,81.5442756614622,0.37907838106300257,287.9347222222222,301.0,13.628459747782205,6.557675730095403e-13,21247,490.0,3,55.0,5.0,,ARC-noGuard,ddos_kill,211
2930.0,49.00409395783498,0.5652885592142087,260.525,301.0,11.521046195458815,1.5424242630897703e-11,16369,205.0,7,65.0,10.0,,ARC-noGuard,ddos_kill,212
4795.0,73.30961813417447,0.40477716998229146,285.09444444444443,301.0,13.359955198363256,2.1358932531330235e-13,20346,227.5,4,105.0,5.0,,ARC-noGuard,ddos_kill,213
4930.0,77.26631507414629,0.5062033243994886,300.6958333333333,301.0,13.222788166555697,1.1304486088022624e-12,20394,227.5,4,200.0,5.0,,ARC-noGuard,ddos_kill,214
5030.0,78.68194934507689,0.4669833004251563,256.61805555555554,301.0,12.870869162013836,1.406928218762631e-13,19672,235.0,4,180.0,10.0,,ARC-noGuard,ddos_kill,215
4750.0,71.30321884160306,0.35992905207542264,298.20972222222224,301.0,12.65570142460741,1.4109050989261405e-12,20498,110.0,4,115.0,10.0,,ARC-noGuard,ddos_kill,216
5175.0,79.46984915235409,0.40610700578627074,295.3833333333333,301.0,13.238172969998521,6.574982277470499e-13,21467,335.0,5,215.0,5.0,,ARC-noGuard,ddos_kill,217
3055.0,50.4021436866515,0.5080691193156492,250.13611111111112,301.0,11.857286979085034,2.606093807947779e-12,15815,105.0,8,160.0,5.0,,ARC-noGuard,ddos_kill,218
5580.0,84.31231512024692,0.40313013015751187,296.0527777777778,301.0,13.510693598755116,3.097639098625086e-12,21113,205.0,2,85.0,10.0,,ARC-noGuard,ddos_kill,219
4695.0,73.92963790760001,0.5069114399221284,270.8597222222222,301.0,12.923853870712275,2.3816506612188727e-13,19338,690.0,3,60.0,5.0,,ARC-noGuard,ddos_kill,220
5335.0,82.09436349911138,0.45198273400868155,275.94444444444446,301.0,13.080410885570428,8.142835418395545e-13,20511,137.5,1,60.0,5.0,,ARC-noGuard,ddos_kill,221
5510.0,83.8610940566933,0.377401490853407,291.425,301.0,13.242874132967628,2.305757348121585e-13,20680,165.0,2,95.0,5.0,,ARC-noGuard,ddos_kill,222
5520.0,83.85864075496295,0.3998322556024517,289.7527777777778,301.0,13.468255698949456,1.2662124217351538e-12,21167,155.0,2,105.0,5.0,,ARC-noGuard,ddos_kill,223
2655.0,43.84708528611294,0.5680110066489422,243.72083333333333,301.0,11.308087819119077,2.4723944790289006e-12,15544,310.0,7,50.0,10.0,,ARC-noGuard,ddos_kill,224
5310.0,80.4498771050178,0.3685091326155389,303.6069444444444,301.0,13.128621516818924,1.3402842993871208e-12,21153,200.0,3,65.0,5.0,,ARC-noGuard,ddos_kill,225
5235.0,83.2856846416183,0.4986323658505124,282.72222222222223,301.0,13.78431795973009,2.678731950819082e-13,20021,142.5,2,40.0,5.0,,ARC-noGuard,ddos_kill,226
5335.0,83.68947679950563,0.45711796267037164,259.4,301.0,12.989995224892288,5.728938596697987e-13,20019,110.0,2,105.0,5.0,,ARC-noGuard,ddos_kill,227
5015.0,78.85459268519561,0.36264384982249603,274.73055555555555,301.0,13.602349581799073,1.4725427350857336e-13,19666,105.0,3,100.0,5.0,,ARC-noGuard,ddos_kill,228
5190.0,79.35863798628888,0.39987943815915616,289.90555555555557,301.0,13.464863296642463,9.596811093087677e-13,21089,80.0,4,195.0,5.0,,ARC-noGuard,ddos_kill,229
2640.0,55.516439574363204,0.0,412.1069444444444,301.0,15.129971864751502,1.6928136068606168e-14,1912,355.0,6,0.0,,0.9402173913043478,ARC-noRemed,poison_flash,200
5.0,0.02086782452949132,0.0,402.2625,301.0,0.12997186475150113,0.8941583932386833,3320,0.0,9,0.0,,0.7990762124711316,ARC-noRemed,poison_flash,201
2675.0,53.367719955179325,0.0,458.9166666666667,301.0,15.123151669107152,7.560723271069625e-14,2192,1090.0,6,0.0,,0.9315068493150684,ARC-noRemed,poison_flash,202
6595.0,99.99999965903581,0.0,551.8333333333334,301.0,15.123151669107152,4.50213570795172e-15,252,1200.0,0,0.0,,0.7053941908713693,ARC-noRemed,poison_flash,203
4405.0,75.77830702940548,0.0,486.21666666666664,301.0,15.123151669107152,4.7507025687195046e-14,1502,1115.0,3,0.0,,0.8865096359743041,ARC-noRemed,poison_flash,204
6600.0,99.99999936895854,0.0,551.8333333333334,301.0,15.233290812352402,2.2014482697782037e-15,320,1200.0,0,0.0,,0.9902912621359223,ARC-noRemed,poison_flash,205
2290.0,54.15287094366601,0.0,403.0097222222222,301.0,15.123151669107152,6.16406516917575e-14,2055,5.0,6,0.0,,0.8967468175388967,ARC-noRemed,poison_flash,206
4615.0,76.03779834831197,0.0,492.3625,301.0,15.129971864751502,4.531497472963758e-13,1341,1085.0,3,0.0,,0.9128919860627178,ARC-noRemed,poison_flash,207
2675.0,53.651298674592105,0.0,446.0361111111111,301.0,15.129971864751502,6.561517754444429e-14,2059,1115.0,6,0.0,,0.9248793935217091,ARC-noRemed,poison_flash,208
5.0,0.05496503900439542,0.0,392.96666666666664,301.0,0.12997186475150113,0.8498882204378609,3588,5.0,10,0.0,,0.8270676691729323,ARC-noRemed,poison_flash,209
810.0,26.94364734451079,0.0,409.62638888888887,301.0,15.107695081446147,2.532909000453774e-13,3362,665.0,8,0.0,,0.7755102040816326,ARC-noRemed,poison_flash,210
6600.0,99.99999907330076,0.0,551.8333333333334,301.0,15.129971864751502,1.6926802629242895e-14,299,1200.0,0,0.0,,0.8888888888888888,ARC-noRemed,poison_flash,211
2280.0,54.969959586793834,0.0,401.7138888888889,301.0,15.129971864751502,6.418969787653709e-14,1967,1035.0,6,0.0,,0.9473684210526315,ARC-noRemed,poison_flash,212
75.0,1.4380050188722016,0.0,417.4194444444444,301.0,0.12997186475150113,0.029000691800293334,3561,40.0,9,40.0,,0.8045977011494253,ARC-noRemed,poison_flash,213
4800.0,76.27963440924985,0.0,519.8458333333333,301.0,15.129971864751502,2.419096579255244e-14,1309,1200.0,3,0.0,,0.9256198347107438,ARC-noRemed,poison_flash,214
2670.0,52.83729480455646,0.0,451.86805555555554,301.0,15.123151669107152,2.7095694678325105e-14,2058,1025.0,6,0.0,,0.8928317955997161,ARC-noRemed,poison_flash,215
990.0,24.808623950154875,0.0,427.71527777777777,301.0,11.290971523247919,1.481831576361556e-11,3269,5.0,7,0.0,,0.8340807174887892,ARC-noRemed,poison_flash,216
6600.0,99.99999942376945,0.0,551.8333333333334,301.0,15.129971864751502,5.904950148896261e-15,321,1200.0,0,0.0,,0.9307745030843043,ARC-noRemed,poison_flash,217
2685.0,56.40422380808747,0.0,416.3777777777778,301.0,15.113359142194872,2.5658592580523033e-14,1976,395.0,6,35.0,,0.9300411522633745,ARC-noRemed,poison_flash,218
6600.0,99.99999996958726,0.0,551.8333333333334,301.0,18.1299718647515,9.041738023188004e-15,258,1200.0,0,0.0,,0.7897595034910784,ARC-noRemed,poison_flash,219
2690.0,60.40154820463347,0.0,436.1875,301.0,15.107695081446147,2.6952076493380573e-14,2380,935.0,6,0.0,,0.8427299703264095,ARC-noRemed,poison_flash,220
6595.0,99.99999961508252,0.0,551.8333333333334,301.0,15.123151669107152,1.1700356293265746e-14,241,1200.0,0,0.0,,0.7096774193548387,ARC-noRemed,poison_flash,221
6575.0,99.99999964481638,0.0,551.8333333333334,301.0,15.129971864751502,1.1697564740681962e-14,314,1200.0,0,0.0,,0.784099766173032,ARC-noRemed,poison_flash,222
6600.0,99.99999971174691,0.0,551.8333333333334,301.0,15.129971864751502,1.8299245896846027e-15,327,1200.0,0,0.0,,0.9502018842530283,ARC-noRemed,poison_flash,223
2395.0,56.61008814690558,0.0,402.65277777777777,301.0,15.123151669107152,3.09420515289188e-14,1925,1120.0,7,0.0,,0.9166666666666666,ARC-noRemed,poison_flash,224
315.0,3.0165240947784167,0.0,418.0180555555556,301.0,0.12997186475150113,0.00011159971766892438,3222,5.0,8,0.0,,0.78125,ARC-noRemed,poison_flash,225
2690.0,48.85822025172261,0.0,451.87361111111113,301.0,15.107695081446147,6.311274112006141e-14,1969,880.0,6,0.0,,0.9052631578947369,ARC-noRemed,poison_flash,226
2670.0,52.884080295950284,0.0,447.3333333333333,301.0,15.123151669107152,1.1302471488446826e-14,2079,995.0,6,0.0,,0.6989157631359466,ARC-noRemed,poison_flash,227
3740.0,54.68024567697751,0.0,482.3486111111111,301.0,12.130618460868082,9.998938254142812e-14,1927,70.0,3,0.0,,0.8703837798696596,ARC-noRemed,poison_flash,228
6600.0,99.99999915947704,0.0,551.8333333333334,301.0,15.129971864751502,4.60559167158194e-15,337,1200.0,0,0.0,,0.9263592567102547,ARC-noRemed,poison_flash,229
4055.0,76.13850063058304,0.0,300.0375,301.0,13.505815961389931,1.1592374826860112e-12,17748,380.0,5,60.0,,0.9406332453825857,ARC-noGuard,poison_flash,200
5775.0,88.86503153453803,0.0,313.80833333333334,301.0,14.15826720336644,6.496505183227369e-14,21113,1192.5,1,55.0,,0.9780645161290322,ARC-noGuard,poison_flash,201
5135.0,83.71877162025302,0.0,310.22222222222223,301.0,15.124355991373868,3.284840277211245e-14,20385,1187.5,2,20.0,,0.9916074887023887,ARC-noGuard,poison_flash,202
5455.0,87.80502669539526,0.0,298.9125,301.0,13.89632002322541,6.258500141980418e-13,20535,1200.0,2,90.0,,0.9593285990961911,ARC-noGuard,poison_flash,203
5285.0,83.70979850106762,0.0,312.27777777777777,301.0,13.68122388428574,1.0006231510601467e-12,20683,420.0,3,135.0,,0.9200805910006716,ARC-noGuard,poison_flash,204
5375.0,85.38280637312769,0.0,318.99444444444447,301.0,14.571701802624746,2.1512453048031292e-13,21499,1200.0,3,115.0,,0.967741935483871,ARC-noGuard,poison_flash,205
3780.0,74.08108689414887,0.0,308.6222222222222,301.0,12.119330886181194,1.0108456630127264e-11,17343,615.0,6,0.0,,0.9639816633922724,ARC-noGuard,poison_flash,206
5525.0,86.43384655054477,0.0,308.2319444444444,301.0,14.33603401239243,8.870555603203584e-14,20928,1200.0,4,170.0,,0.939297124600639,ARC-noGuard,poison_flash,207
5520.0,89.74993119383157,0.0,316.0763888888889,301.0,14.51135793839712,3.103346197865984e-14,20698,1200.0,1,55.0,,0.9572649572649573,ARC-noGuard,poison_flash,208
5505.0,89.70006175300574,0.0,299.29583333333335,301.0,13.97525264804438,1.2573960513982186e-13,20812,622.5,3,135.0,,0.9412507896399241,ARC-noGuard,poison_flash,209
4870.0,78.31541959302211,0.0,295.9847222222222,301.0,13.697770691142079,2.0529449407055684e-13,20019,735.0,5,205.0,,0.9395973154362416,ARC-noGuard,poison_flash,210
5530.0,87.59383876687187,0.0,324.4736111111111,301.0,14.040399764339892,2.519230799287595e-13,21877,1197.5,3,145.0,,0.9375,ARC-noGuard,poison_flash,211
3585.0,70.22392792166954,0.0,289.40555555555557,301.0,13.283408638859623,2.2327231278410444e-11,16831,607.5,7,135.0,,0.9664252797893351,ARC-noGuard,poison_flash,212
5455.0,86.1769181817211,0.0,324.6958333333333,301.0,14.495362031910515,7.99196938301112e-14,21278,635.0,4,160.0,,0.9553739786297926,ARC-noGuard,poison_flash,213
5340.0,88.9721938361671,0.0,323.10277777777776,301.0,15.011130167124595,4.803559324455848e-14,20613,1035.0,3,90.0,,0.9723116548615582,ARC-noGuard,poison_flash,214
5640.0,90.35775940016299,0.0,307.6791666666667,301.0,14.30958735079921,7.072831365590285e-14,20940,965.0,2,100.0,,0.9508196721311475,ARC-noGuard,poison_flash,215
5285.0,82.50450678199273,0.0,317.84583333333336,301.0,14.07446457392217,5.738149390400811e-15,20968,365.0,3,140.0,,0.9112119248217757,ARC-noGuard,poison_flash,216
5500.0,86.62606972979006,0.0,315.9402777777778,301.0,14.451386963224799,7.065730504718826e-13,21515,1200.0,4,175.0,,0.978940650925335,ARC-noGuard,poison_flash,217
3630.0,71.44875855459263,0.0,287.30555555555554,301.0,13.334640018896206,2.9363691785526534e-12,17121,460.0,8,125.0,,0.9581699346405229,ARC-noGuard,poison_flash,218
5435.0,83.8988454991425,0.0,309.0486111111111,301.0,14.051994687485507,2.212392985541528e-13,20648,275.0,2,120.0,,0.9778933680104032,ARC-noGuard,poison_flash,219
5140.0,85.23262091424175,0.0,306.31944444444446,301.0,14.906530947380206,1.475607899086459e-14,20395,605.0,3,115.0,,0.9713168187744459,ARC-noGuard,poison_flash,220
5545.0,88.85768067604944,0.0,292.4402777777778,301.0,13.96342495142229,9.59509325590216e-13,20310,1025.0,2,90.0,,0.924901185770751,ARC-noGuard,poison_flash,221
5495.0,86.28349885734906,0.0,319.775,301.0,13.872318193812868,2.7501012288196277e-12,20933,632.5,1,55.0,,0.9536855838225701,ARC-noGuard,poison_flash,222
5655.0,88.55129013439196,0.0,321.00138888888887,301.0,13.733809220576285,4.513179184466828e-14,21452,602.5,3,140.0,,0.9746192893401016,ARC-noGuard,poison_flash,223
4090.0,76.74039981982105,0.0,295.3486111111111,301.0,14.242016048449472,2.7782298091106726e-13,17589,615.0,6,115.0,,0.9682959048877147,ARC-noGuard,poison_flash,224
5650.0,87.79051386766264,0.0,322.7361111111111,301.0,13.764751629162413,4.332074785414002e-13,21599,1200.0,0,0.0,,0.9312039312039312,ARC-noGuard,poison_flash,225
5550.0,90.03519314294626,0.0,318.0472222222222,301.0,13.6747817445118,3.476123710961338e-13,20818,1200.0,3,60.0,,0.9730794484569928,ARC-noGuard,poison_flash,226
5380.0,88.13127321231097,0.0,288.8902777777778,301.0,13.914312015628187,3.494796459137871e-13,20275,1070.0,3,160.0,,0.9539693128752502,ARC-noGuard,poison_flash,227
5140.0,81.44416163246552,0.0,295.31388888888887,301.0,13.94856097650614,1.4725427350857336e-13,20109,360.0,2,85.0,,0.9612097304404996,ARC-noGuard,poison_flash,228
5285.0,84.66135816750857,0.0,325.3986111111111,301.0,13.672450250030517,2.0020196836780022e-13,21627,560.0,5,195.0,,0.9838187702265372,ARC-noGuard,poison_flash,229
1730.0,19.920548988068255,0.11335471224612323,400.9611111111111,301.0,17.701400436180073,0.0,2408,333.75,7,0.0,5.0,,ARC-noRemed,storm,200
4005.0,65.90246104327738,0.317732886847967,469.93611111111113,301.0,17.694580240535725,1.212876070633323e-13,1588,932.5,4,0.0,10.0,,ARC-noRemed,storm,201
1860.0,26.72561734833325,0.28793170638944127,448.3388888888889,301.0,17.701400436180073,0.0,2737,472.5,7,25.0,5.0,,ARC-noRemed,storm,202
6595.0,99.99999886522356,0.27432412448462595,551.8333333333334,301.0,17.689563469327013,0.0,233,1200.0,0,0.0,10.0,,ARC-noRemed,storm,203
905.0,15.519841136075774,0.2735624304820851,422.93888888888887,301.0,8.701400436180073,0.0,3198,238.75,8,0.0,5.0,,ARC-noRemed,storm,204
6600.0,99.99999946419815,0.3061600151267278,551.8333333333334,301.0,17.701400436180073,1.6379999621048616e-13,320,1200.0,0,0.0,5.0,,ARC-noRemed,storm,205
775.0,10.174974366171853,0.19639527267502188,377.7319444444444,301.0,14.694580240535725,4.272932802642469e-13,2723,205.0,8,0.0,5.0,,ARC-noRemed,storm,206
3025.0,44.326703497557,0.3035368752095838,464.31944444444446,301.0,11.694580240535725,9.136414938279761e-09,2261,610.0,5,0.0,10.0,,ARC-noRemed,storm,207
1865.0,27.364181135972988,0.28743723893123097,435.3638888888889,301.0,17.694580240535725,2.070646751879005e-13,2601,467.5,7,30.0,5.0,,ARC-noRemed,storm,208
5455.0,85.66028699445819,0.2578865907433328,513.8277777777778,301.0,17.701400436180073,0.0,1190,1200.0,2,0.0,5.0,,ARC-noRemed,storm,209
0.0,0.2888356489991972,0.2888356489991938,400.2763888888889,301.0,0.12997186475150113,0.9699999999999999,3657,0.0,9,0.0,5.0,,ARC-noRemed,storm,210
6600.0,99.99999925935411,0.2891480698071679,551.8333333333334,301.0,17.69191834086952,1.7727278067388804e-13,307,1200.0,0,0.0,5.0,,ARC-noRemed,storm,211
10.0,0.20642240314391325,0.19829201611699232,339.38055555555553,301.0,0.12997186475150113,0.8607691253800126,2681,2.5,9,0.0,5.0,,ARC-noRemed,storm,212
805.0,10.303816966269075,0.24950695260052252,426.80555555555554,301.0,8.701400436180073,0.0,3240,200.0,7,0.0,10.0,,ARC-noRemed,storm,213
6555.0,99.73203691898344,0.23299977043499082,549.7611111111111,301.0,17.701400436180077,8.266925734255304e-14,475,1200.0,0,0.0,5.0,,ARC-noRemed,storm,214
6595.0,99.9999996689862,0.2604496743584254,551.8333333333334,301.0,17.680081374016464,2.4883722957347136e-14,246,1200.0,0,0.0,10.0,,ARC-noRemed,storm,215
3850.0,65.99872911435362,0.26541295383029173,478.3125,301.0,17.694580240535725,2.7579325959790815e-15,1932,883.75,4,0.0,10.0,,ARC-noRemed,storm,216
6600.0,99.99999943490707,0.3020925405187078,551.8333333333334,301.0,16.226190576390096,2.2132252333372334e-13,320,1200.0,0,0.0,10.0,,ARC-noRemed,storm,217
1755.0,20.370520129190638,0.11728577224025018,405.0763888888889,301.0,17.701400436180073,0.0,2425,340.0,7,0.0,10.0,,ARC-noRemed,storm,218
6600.0,99.99999997928191,0.24194475527105042,551.8333333333334,301.0,20.429903797059673,2.0099461610486933e-16,241,1200.0,0,0.0,5.0,,ARC-noRemed,storm,219
3605.0,53.22035774142013,0.25198467232052885,478.1097222222222,301.0,17.683465516481345,1.125110106377929e-12,1929,765.0,5,30.0,5.0,,ARC-noRemed,storm,220
6595.0,99.99999957225518,0.27672059367439217,551.8333333333334,301.0,17.694580240535725,8.674938052977186e-16,245,1200.0,0,0.0,5.0,,ARC-noRemed,storm,221
6575.0,99.99999806343759,0.27190217552346024,551.8333333333334,301.0,17.69191834086952,1.5112311524763418e-13,301,1200.0,0,0.0,10.0,,ARC-noRemed,storm,222
6600.0,99.99999973376413,0.3070251522876576,551.8333333333334,301.0,17.69191834086952,8.051841696912967e-14,321,1200.0,0,0.0,5.0,,ARC-noRemed,storm,223
750.0,9.703800640383943,0.19265075493694075,375.26666666666665,301.0,17.689563469327013,0.0,2628,190.0,8,0.0,5.0,,ARC-noRemed,storm,224
20.0,0.40478397371180863,0.31555064711464137,399.3305555555556,301.0,0.12997186475150113,0.6559002120398119,3241,5.0,9,0.0,5.0,,ARC-noRemed,storm,225
1760.0,28.482783208562534,0.2173472938048158,418.50416666666666,301.0,12.123151669107152,1.3714162096219083e-12,2671,248.75,7,0.0,5.0,,ARC-noRemed,storm,226
6595.0,99.99999967191637,0.26842009216706514,551.8333333333334,301.0,17.69191834086952,2.432843267939884e-14,256,1200.0,0,0.0,5.0,,ARC-noRemed,storm,227
3840.0,65.99422955181001,0.26519409202681354,471.7763888888889,301.0,17.69191834086952,3.301805143886644e-15,1843,915.0,4,0.0,10.0,,ARC-noRemed,storm,228
6600.0,99.99999917701481,0.3081495472949824,551.8333333333334,301.0,17.701400436180073,0.0,327,1200.0,0,0.0,5.0,,ARC-noRemed,storm,229
3425.0,62.63012693069277,0.11335471224612323,278.2916666666667,301.0,13.169841215831985,0.0,17068,102.5,6,0.0,5.0,,ARC-noGuard,storm,200
5700.0,87.69676626709646,0.317732886847967,298.575,301.0,14.160554214596685,1.510982944912049e-13,20977,370.0,1,25.0,10.0,,ARC-noGuard,storm,201
5145.0,82.01400537128376,0.28793170638944127,312.52222222222224,301.0,13.828032491641418,0.0,20747,188.75,4,110.0,5.0,,ARC-noGuard,storm,202
5365.0,85.4561557003909,0.27432412448462595,286.5444444444444,301.0,14.464135311333395,0.0,20697,345.0,4,235.0,10.0,,ARC-noGuard,storm,203
5435.0,85.75910610384267,0.2735624304820851,317.31388888888887,301.0,13.560512465134524,0.0,20791,211.25,4,190.0,5.0,,ARC-noGuard,storm,204
5000.0,77.287280090759,0.3082998568976379,312.36805555555554,301.0,14.8509320055112,1.1064829781985744e-13,21399,231.25,3,60.0,5.0,,ARC-noGuard,storm,205
3830.0,67.22965656781743,0.19639527267502188,299.9625,301.0,14.019893917459369,1.491070722122537e-13,17732,355.0,6,25.0,5.0,,ARC-noGuard,storm,206
5225.0,79.52085987762163,0.3050974880022373,292.2013888888889,301.0,13.262739917563396,5.048793590982331e-13,20693,228.75,3,135.0,5.0,,ARC-noGuard,storm,207
5120.0,82.05239305015746,0.28531536635343957,304.85277777777776,301.0,13.74208614699013,9.266224178259649e-13,20477,158.75,4,100.0,10.0,,ARC-noGuard,storm,208
5195.0,81.12171081163393,0.2578865907433328,277.3847222222222,301.0,13.786781242273795,0.0,20194,115.0,3,155.0,5.0,,ARC-noGuard,storm,209
5230.0,82.09727243627839,0.2829157840011584,284.9263888888889,301.0,12.89810017755328,3.2845404981899527e-12,19866,227.5,3,145.0,10.0,,ARC-noGuard,storm,210
5335.0,82.19459506620078,0.2891480698071679,313.7708333333333,301.0,14.203386831253,2.727770943932963e-13,21806,235.0,2,105.0,5.0,,ARC-noGuard,storm,211
3685.0,63.91956602004046,0.19963878681671832,282.25555555555553,301.0,12.203619753320048,2.7622523293288753e-12,17314,363.75,6,60.0,5.0,,ARC-noGuard,storm,212
5325.0,81.43504062719946,0.24950695260052252,307.5416666666667,301.0,13.406895416933999,0.0,21368,190.0,4,90.0,10.0,,ARC-noGuard,storm,213
5415.0,86.07836729954369,0.23299977043499082,318.28055555555557,301.0,14.764325598062687,1.8757695051334958e-13,21059,208.75,3,115.0,5.0,,ARC-noGuard,storm,214
5590.0,87.43590346398295,0.2604496743584254,286.4138888888889,301.0,14.252521231046321,4.711711157375111e-15,20686,320.0,1,50.0,10.0,,ARC-noGuard,storm,215
5690.0,88.94462684371753,0.26541295383029173,329.46805555555557,301.0,14.391522571542273,6.812030878673227e-14,21703,320.0,2,115.0,10.0,,ARC-noGuard,storm,216
5160.0,78.95756064575866,0.306490252465293,315.71805555555557,301.0,14.021488561128143,4.6057600373481555e-14,21820,195.0,4,175.0,5.0,,ARC-noGuard,storm,217
3690.0,65.81791823122147,0.11795083680375024,262.69305555555553,301.0,13.052236764982414,0.0,16962,61.25,5,90.0,10.0,,ARC-noGuard,storm,218
5590.0,85.18710847960969,0.24060028479261505,309.76666666666665,301.0,14.273459352377248,1.2161858005942447e-13,21304,203.75,2,120.0,10.0,,ARC-noGuard,storm,219
5450.0,87.12722667278582,0.2536277584914922,306.0833333333333,301.0,13.914490597441354,3.831766456442001e-14,20737,216.25,3,110.0,5.0,,ARC-noGuard,storm,220
5275.0,83.33113179825426,0.27672059367439217,277.2652777777778,301.0,13.642927331625692,1.7875222418160959e-12,20266,198.75,4,160.0,5.0,,ARC-noGuard,storm,221
5330.0,81.17123731833516,0.2755771336963235,302.1625,301.0,13.847610021016536,1.7585075392330334e-13,20916,85.0,3,140.0,5.0,,ARC-noGuard,storm,222
5770.0,88.1117329086313,0.3039252999976627,307.99444444444447,301.0,14.300310042681682,2.4694598602351025e-13,21464,322.5,1,35.0,10.0,,ARC-noGuard,storm,223
4010.0,70.49520595032966,0.19265075493694075,279.85555555555555,301.0,12.113532956821823,0.0,17202,168.75,5,95.0,5.0,,ARC-noGuard,storm,224
5525.0,83.61240717813136,0.31555064711464137,296.74583333333334,301.0,13.98764171568248,3.5238083494682216e-13,21170,266.25,0,0.0,5.0,,ARC-noGuard,storm,225
5435.0,85.59145502024815,0.21987120445059125,309.46944444444443,301.0,13.474377730775535,5.599474897649347e-13,20642,253.75,1,0.0,5.0,,ARC-noGuard,storm,226
5435.0,85.54843627331476,0.26842009216706514,283.6972222222222,301.0,13.665676535512153,1.686347904261839e-13,20384,231.25,3,150.0,5.0,,ARC-noGuard,storm,227
5200.0,82.90527833356136,0.2665762835221837,290.88194444444446,301.0,14.01206018494069,2.3359474222852155e-12,20013,282.5,4,210.0,10.0,,ARC-noGuard,storm,228
5035.0,76.19171154135667,0.30499120947410674,310.4972222222222,301.0,14.130544105546578,0.0,21474,240.0,4,220.0,5.0,,ARC-noGuard,storm,229
