slo_viol_s,loss_pct,shed_pct,replica_hours,peak_pods,p95_lat_s,min_avail,scale_actions,mttr_s,n_chaos,chaos_harm_s,attack_det_delay_s,poison_f1,controller,scenario,seed,magnitude
0.0,0.004756864468646871,0.0,98.98055555555555,78.0,0.075,0.9757954990650944,71,0.0,0,0.0,,,HPA-45-r0,flash,100,1.5
0.0,0.0,0.0,106.7875,99.0,0.075,1.0,95,0.0,0,0.0,,,HPA-45-r0,flash,101,1.5
0.0,0.0,0.0,101.625,73.0,0.075,1.0,67,0.0,0,0.0,,,HPA-45-r0,flash,102,1.5
0.0,0.0,0.0,97.95138888888889,65.0,0.075,1.0,67,0.0,0,0.0,,,HPA-45-r0,flash,103,1.5
0.0,0.0,0.0,100.04444444444445,88.0,0.075,1.0,81,0.0,0,0.0,,,HPA-45-r0,flash,104,1.5
0.0,0.0,0.0,102.89305555555555,78.0,0.075,1.0,74,0.0,0,0.0,,,HPA-45-r0,flash,105,1.5
0.0,0.0,0.0,98.1625,79.0,0.075,1.0,61,0.0,0,0.0,,,HPA-45-r0,flash,106,1.5
0.0,0.0,0.0,106.60555555555555,98.0,0.075,1.0,91,0.0,0,0.0,,,HPA-45-r0,flash,107,1.5
0.0,0.0,0.0,100.61527777777778,69.0,0.075,1.0,72,0.0,0,0.0,,,HPA-45-r0,flash,108,1.5
0.0,0.0,0.0,98.86944444444444,66.0,0.075,1.0,63,0.0,0,0.0,,,HPA-45-r0,flash,109,1.5
0.0,0.0,0.0,100.36527777777778,87.0,0.075,1.0,83,0.0,0,0.0,,,HPA-45-r0,flash,110,1.5
0.0,0.0,0.0,97.69583333333334,64.0,0.075,1.0,49,0.0,0,0.0,,,HPA-45-r0,flash,111,1.5
0.0,0.0,0.0,98.40138888888889,81.0,0.075,1.0,79,0.0,0,0.0,,,HPA-45-r0,flash,112,1.5
0.0,0.0,0.0,99.85694444444445,64.0,0.075,1.0,75,0.0,0,0.0,,,HPA-45-r0,flash,113,1.5
0.0,0.0,0.0,102.1125,70.0,0.075,1.0,70,0.0,0,0.0,,,HPA-45-r0,flash,114,1.5
0.0,0.0,0.0,99.7,66.0,0.075,1.0,68,0.0,0,0.0,,,HPA-45-r0,flash,115,1.5
0.0,0.0,0.0,100.50416666666666,89.0,0.075,1.0,91,0.0,0,0.0,,,HPA-45-r0,flash,116,1.5
0.0,0.0,0.0,102.54444444444445,84.0,0.075,1.0,71,0.0,0,0.0,,,HPA-45-r0,flash,117,1.5
0.0,0.0,0.0,97.98333333333333,78.0,0.075,1.0,59,0.0,0,0.0,,,HPA-45-r0,flash,118,1.5
0.0,0.0,0.0,107.63055555555556,102.0,0.075,1.0,103,0.0,0,0.0,,,HPA-45-r0,flash,119,1.5
0.0,0.004756864468646871,0.0,98.98055555555555,78.0,0.075,0.9757954990650944,71,0.0,0,0.0,,,HPA-45-r1,flash,100,1.5
0.0,0.0,0.0,106.7875,99.0,0.075,1.0,95,0.0,0,0.0,,,HPA-45-r1,flash,101,1.5
0.0,0.0,0.0,102.18472222222222,74.0,0.075,1.0,74,0.0,0,0.0,,,HPA-45-r1,flash,102,1.5
0.0,0.0,0.0,97.58055555555555,63.0,0.075,1.0,58,0.0,0,0.0,,,HPA-45-r1,flash,103,1.5
0.0,0.0,0.0,100.04444444444445,88.0,0.075,1.0,81,0.0,0,0.0,,,HPA-45-r1,flash,104,1.5
0.0,0.0,0.0,102.89305555555555,78.0,0.075,1.0,74,0.0,0,0.0,,,HPA-45-r1,flash,105,1.5
0.0,0.0,0.0,98.1625,79.0,0.075,1.0,61,0.0,0,0.0,,,HPA-45-r1,flash,106,1.5
0.0,0.0,0.0,106.60555555555555,98.0,0.075,1.0,91,0.0,0,0.0,,,HPA-45-r1,flash,107,1.5
0.0,0.0,0.0,100.61527777777778,69.0,0.075,1.0,72,0.0,0,0.0,,,HPA-45-r1,flash,108,1.5
0.0,0.0,0.0,100.8638888888889,67.0,0.075,1.0,80,0.0,0,0.0,,,HPA-45-r1,flash,109,1.5
0.0,0.0,0.0,100.36527777777778,87.0,0.075,1.0,83,0.0,0,0.0,,,HPA-45-r1,flash,110,1.5
0.0,0.0,0.0,97.69583333333334,64.0,0.075,1.0,49,0.0,0,0.0,,,HPA-45-r1,flash,111,1.5
0.0,0.0,0.0,98.40138888888889,81.0,0.075,1.0,79,0.0,0,0.0,,,HPA-45-r1,flash,112,1.5
0.0,0.0,0.0,99.85694444444445,64.0,0.075,1.0,75,0.0,0,0.0,,,HPA-45-r1,flash,113,1.5
10.0,0.038835372626266906,0.0,103.84305555555555,74.0,0.075,0.8862315187892813,84,10.0,0,0.0,,,HPA-45-r1,flash,114,1.5
0.0,0.0,0.0,99.7,66.0,0.075,1.0,68,0.0,0,0.0,,,HPA-45-r1,flash,115,1.5
0.0,0.0,0.0,100.50416666666666,89.0,0.075,1.0,91,0.0,0,0.0,,,HPA-45-r1,flash,116,1.5
0.0,0.0,0.0,102.54444444444445,84.0,0.075,1.0,71,0.0,0,0.0,,,HPA-45-r1,flash,117,1.5
0.0,0.0,0.0,97.98333333333333,78.0,0.075,1.0,59,0.0,0,0.0,,,HPA-45-r1,flash,118,1.5
0.0,0.0,0.0,107.63055555555556,102.0,0.075,1.0,103,0.0,0,0.0,,,HPA-45-r1,flash,119,1.5
0.0,0.0,0.0,134.88611111111112,99.0,0.075,1.0,139,0.0,0,0.0,,,PredHPA-r1,flash,100,1.5
0.0,0.0,0.0,136.65694444444443,120.0,0.075,1.0,147,0.0,0,0.0,,,PredHPA-r1,flash,101,1.5
0.0,0.0,0.0,143.50694444444446,114.0,0.075,1.0,107,0.0,0,0.0,,,PredHPA-r1,flash,102,1.5
0.0,0.0,0.0,119.41805555555555,78.0,0.075,1.0,79,0.0,0,0.0,,,PredHPA-r1,flash,103,1.5
0.0,0.0,0.0,118.70277777777778,120.0,0.075,1.0,126,0.0,0,0.0,,,PredHPA-r1,flash,104,1.5
0.0,0.0,0.0,129.65555555555557,94.0,0.075,1.0,86,0.0,0,0.0,,,PredHPA-r1,flash,105,1.5
0.0,0.0,0.0,135.01666666666668,101.0,0.075,1.0,120,0.0,0,0.0,,,PredHPA-r1,flash,106,1.5
0.0,0.0,0.0,135.29722222222222,120.0,0.075,1.0,144,0.0,0,0.0,,,PredHPA-r1,flash,107,1.5
0.0,0.0,0.0,140.59583333333333,114.0,0.075,1.0,122,0.0,0,0.0,,,PredHPA-r1,flash,108,1.5
0.0,0.0,0.0,120.90694444444445,78.0,0.075,1.0,74,0.0,0,0.0,,,PredHPA-r1,flash,109,1.5
0.0,0.0,0.0,120.09861111111111,120.0,0.075,1.0,127,0.0,0,0.0,,,PredHPA-r1,flash,110,1.5
0.0,0.0,0.0,129.48055555555555,93.0,0.075,1.0,79,0.0,0,0.0,,,PredHPA-r1,flash,111,1.5
0.0,0.0,0.0,134.70694444444445,100.0,0.075,1.0,128,0.0,0,0.0,,,PredHPA-r1,flash,112,1.5
0.0,0.0,0.0,133.26111111111112,108.0,0.075,1.0,121,0.0,0,0.0,,,PredHPA-r1,flash,113,1.5
0.0,0.0,0.0,145.41944444444445,115.0,0.075,1.0,112,0.0,0,0.0,,,PredHPA-r1,flash,114,1.5
0.0,0.0,0.0,121.02222222222223,78.0,0.075,1.0,82,0.0,0,0.0,,,PredHPA-r1,flash,115,1.5
0.0,0.0,0.0,119.64166666666667,120.0,0.075,1.0,122,0.0,0,0.0,,,PredHPA-r1,flash,116,1.5
0.0,0.0,0.0,133.82916666666668,94.0,0.075,1.0,79,0.0,0,0.0,,,PredHPA-r1,flash,117,1.5
0.0,0.0,0.0,134.06666666666666,99.0,0.075,1.0,125,0.0,0,0.0,,,PredHPA-r1,flash,118,1.5
0.0,0.0,0.0,138.38888888888889,120.0,0.075,1.0,158,0.0,0,0.0,,,PredHPA-r1,flash,119,1.5
20.0,0.1016900996246406,0.0,115.43888888888888,120.0,0.075,0.4452491948096209,836,10.0,10,0.0,,,ARC,flash,100,1.5
0.0,0.0,0.0,108.10972222222222,120.0,0.075,1.0,865,0.0,10,0.0,,,ARC,flash,101,1.5
0.0,0.0,0.0,115.37638888888888,120.0,0.075,1.0,927,0.0,11,0.0,,,ARC,flash,102,1.5
0.0,0.0,0.0,107.41944444444445,89.0,0.075,1.0,831,0.0,11,0.0,,,ARC,flash,103,1.5
0.0,0.0,0.0,95.41944444444445,120.0,0.075,1.0,628,0.0,11,0.0,,,ARC,flash,104,1.5
0.0,0.0,0.0,111.76944444444445,101.0,0.075,1.0,836,0.0,11,0.0,,,ARC,flash,105,1.5
35.0,0.3846058254570184,0.0,103.8875,110.0,0.075,0.09250268822342853,809,0.0,11,0.0,,,ARC,flash,106,1.5
0.0,0.0,0.0,112.19722222222222,120.0,0.075,1.0,987,0.0,10,0.0,,,ARC,flash,107,1.5
0.0,0.0,0.0,108.84861111111111,117.0,0.075,1.0,863,0.0,11,0.0,,,ARC,flash,108,1.5
0.0,0.0,0.0,106.49305555555556,92.0,0.075,1.0,858,0.0,11,0.0,,,ARC,flash,109,1.5
0.0,0.0,0.0,97.24444444444444,120.0,0.075,1.0,609,0.0,11,0.0,,,ARC,flash,110,1.5
0.0,0.005424634959572128,0.0,108.97361111111111,98.0,0.075,0.969684950330274,776,0.0,11,0.0,,,ARC,flash,111,1.5
50.0,0.6352717071163916,0.0,104.39722222222223,111.0,0.075,0.038307860749058585,806,15.0,11,0.0,,,ARC,flash,112,1.5
0.0,0.0,0.0,115.10694444444445,120.0,0.075,1.0,859,0.0,11,0.0,,,ARC,flash,113,1.5
0.0,0.0,0.0,122.15555555555555,120.0,0.075,1.0,985,0.0,11,0.0,,,ARC,flash,114,1.5
0.0,0.0,0.0,104.92777777777778,90.0,0.075,1.0,794,0.0,11,0.0,,,ARC,flash,115,1.5
0.0,0.0,0.0,99.85833333333333,120.0,0.075,1.0,597,0.0,11,0.0,,,ARC,flash,116,1.5
0.0,0.0,0.0,113.83888888888889,104.0,0.075,1.0,824,0.0,10,0.0,,,ARC,flash,117,1.5
15.0,0.04151037931345858,0.0,113.10833333333333,119.0,0.075,0.8471333559516868,820,0.0,10,5.0,,,ARC,flash,118,1.5
0.0,0.0,0.0,107.41388888888889,120.0,0.075,1.0,879,0.0,10,0.0,,,ARC,flash,119,1.5
15.0,0.4869514964950916,0.0,110.23472222222222,102.0,0.075,0.1575558547229254,88,15.0,0,0.0,,,HPA-45-r0,flash,100,2.0
0.0,0.0,0.0,115.82916666666667,120.0,0.075,1.0,118,0.0,0,0.0,,,HPA-45-r0,flash,101,2.0
0.0,0.005672258725797352,0.0,111.05416666666666,95.0,0.075,0.9756206570289109,88,0.0,0,0.0,,,HPA-45-r0,flash,102,2.0
0.0,0.0,0.0,107.21666666666667,84.0,0.075,1.0,95,0.0,0,0.0,,,HPA-45-r0,flash,103,2.0
0.0,0.0,0.0,112.03055555555555,118.0,0.075,1.0,109,0.0,0,0.0,,,HPA-45-r0,flash,104,2.0
0.0,0.0,0.0,112.06527777777778,100.0,0.075,1.0,82,0.0,0,0.0,,,HPA-45-r0,flash,105,2.0
0.0,0.0,0.0,107.92083333333333,102.0,0.075,1.0,87,0.0,0,0.0,,,HPA-45-r0,flash,106,2.0
0.0,0.0,0.0,117.31527777777778,120.0,0.075,1.0,108,0.0,0,0.0,,,HPA-45-r0,flash,107,2.0
0.0,0.0,0.0,109.58333333333333,87.0,0.075,1.0,84,0.0,0,0.0,,,HPA-45-r0,flash,108,2.0
0.0,0.011092288389469296,0.0,110.25694444444444,95.0,0.075,0.9512874473811719,93,0.0,0,0.0,,,HPA-45-r0,flash,109,2.0
0.0,0.0,0.0,112.02777777777777,115.0,0.075,1.0,109,0.0,0,0.0,,,HPA-45-r0,flash,110,2.0
0.0,0.0,0.0,105.33888888888889,81.0,0.075,1.0,66,0.0,0,0.0,,,HPA-45-r0,flash,111,2.0
0.0,0.0,0.0,108.90277777777777,102.0,0.075,1.0,98,0.0,0,0.0,,,HPA-45-r0,flash,112,2.0
0.0,0.006424412512984201,0.0,109.14027777777778,85.0,0.075,0.9651456804986804,91,0.0,0,0.0,,,HPA-45-r0,flash,113,2.0
20.0,0.5104272307850044,0.0,115.4625,100.0,0.075,0.03856879928240297,92,20.0,0,0.0,,,HPA-45-r0,flash,114,2.0
0.0,0.0,0.0,108.57222222222222,88.0,0.075,1.0,90,0.0,0,0.0,,,HPA-45-r0,flash,115,2.0
0.0,0.0,0.0,112.40277777777777,118.0,0.075,1.0,113,0.0,0,0.0,,,HPA-45-r0,flash,116,2.0
5.0,0.029742722773395958,0.0,113.71527777777777,113.0,0.075,0.8863566095979608,96,5.0,0,0.0,,,HPA-45-r0,flash,117,2.0
5.0,0.016064028988205248,0.0,109.32916666666667,104.0,0.075,0.9225260783097113,82,5.0,0,0.0,,,HPA-45-r0,flash,118,2.0
15.0,0.21253569204252587,0.0,118.62916666666666,120.0,0.075,0.5820780280113127,121,15.0,0,0.0,,,HPA-45-r0,flash,119,2.0
55.0,1.683809249338064,0.0,115.05694444444444,120.0,0.075,0.006831848253616721,109,55.0,0,0.0,,,HPA-45-r1,flash,100,2.0
0.0,0.0,0.0,115.82916666666667,120.0,0.075,1.0,118,0.0,0,0.0,,,HPA-45-r1,flash,101,2.0
0.0,0.0,0.0,112.34444444444445,99.0,0.075,1.0,92,0.0,0,0.0,,,HPA-45-r1,flash,102,2.0
0.0,0.0,0.0,106.79861111111111,83.0,0.075,1.0,81,0.0,0,0.0,,,HPA-45-r1,flash,103,2.0
0.0,0.0,0.0,112.03055555555555,118.0,0.075,1.0,109,0.0,0,0.0,,,HPA-45-r1,flash,104,2.0
0.0,0.0,0.0,112.06527777777778,100.0,0.075,1.0,82,0.0,0,0.0,,,HPA-45-r1,flash,105,2.0
0.0,0.0,0.0,107.92083333333333,102.0,0.075,1.0,87,0.0,0,0.0,,,HPA-45-r1,flash,106,2.0
0.0,0.0,0.0,118.43611111111112,120.0,0.075,1.0,108,0.0,0,0.0,,,HPA-45-r1,flash,107,2.0
0.0,0.0,0.0,109.58333333333333,87.0,0.075,1.0,84,0.0,0,0.0,,,HPA-45-r1,flash,108,2.0
15.0,0.12531618033174707,0.0,112.21111111111111,98.0,0.075,0.6225526868260942,110,15.0,0,0.0,,,HPA-45-r1,flash,109,2.0
0.0,0.0,0.0,112.02777777777777,115.0,0.075,1.0,109,0.0,0,0.0,,,HPA-45-r1,flash,110,2.0
0.0,0.0,0.0,105.33888888888889,81.0,0.075,1.0,66,0.0,0,0.0,,,HPA-45-r1,flash,111,2.0
0.0,0.0,0.0,108.90277777777777,102.0,0.075,1.0,98,0.0,0,0.0,,,HPA-45-r1,flash,112,2.0
0.0,0.006424412512984201,0.0,109.14027777777778,85.0,0.075,0.9651456804986804,91,0.0,0,0.0,,,HPA-45-r1,flash,113,2.0
20.0,0.747078329846862,0.0,118.08888888888889,114.0,0.075,0.025856483719248882,109,20.0,0,0.0,,,HPA-45-r1,flash,114,2.0
0.0,0.0,0.0,108.57222222222222,88.0,0.075,1.0,90,0.0,0,0.0,,,HPA-45-r1,flash,115,2.0
0.0,0.0,0.0,112.40277777777777,118.0,0.075,1.0,113,0.0,0,0.0,,,HPA-45-r1,flash,116,2.0
5.0,0.029742722773395958,0.0,113.71527777777777,113.0,0.075,0.8863566095979608,96,5.0,0,0.0,,,HPA-45-r1,flash,117,2.0
5.0,0.016064028988205248,0.0,108.54027777777777,100.0,0.075,0.9225260783097113,74,5.0,0,0.0,,,HPA-45-r1,flash,118,2.0
15.0,0.21253569204252587,0.0,118.62916666666666,120.0,0.075,0.5820780280113127,121,15.0,0,0.0,,,HPA-45-r1,flash,119,2.0
0.0,0.0,0.0,145.61111111111111,120.0,0.075,1.0,154,0.0,0,0.0,,,PredHPA-r1,flash,100,2.0
0.0,0.0,0.0,140.13333333333333,120.0,0.075,1.0,148,0.0,0,0.0,,,PredHPA-r1,flash,101,2.0
0.0,0.0,0.0,149.93472222222223,120.0,0.075,1.0,118,0.0,0,0.0,,,PredHPA-r1,flash,102,2.0
0.0,0.0,0.0,129.3138888888889,102.0,0.075,1.0,103,0.0,0,0.0,,,PredHPA-r1,flash,103,2.0
0.0,0.0,0.0,123.00694444444444,120.0,0.075,1.0,144,0.0,0,0.0,,,PredHPA-r1,flash,104,2.0
0.0,0.0,0.0,140.0402777777778,104.0,0.075,1.0,105,0.0,0,0.0,,,PredHPA-r1,flash,105,2.0
0.0,0.0,0.0,145.31805555555556,120.0,0.075,1.0,142,0.0,0,0.0,,,PredHPA-r1,flash,106,2.0
0.0,0.0,0.0,138.6861111111111,120.0,0.075,1.0,147,0.0,0,0.0,,,PredHPA-r1,flash,107,2.0
0.0,0.0,0.0,147.09027777777777,120.0,0.075,1.0,137,0.0,0,0.0,,,PredHPA-r1,flash,108,2.0
0.0,0.0,0.0,132.7736111111111,109.0,0.075,1.0,89,0.0,0,0.0,,,PredHPA-r1,flash,109,2.0
0.0,0.0,0.0,124.97222222222223,120.0,0.075,1.0,146,0.0,0,0.0,,,PredHPA-r1,flash,110,2.0
0.0,0.0,0.0,139.63333333333333,107.0,0.075,1.0,89,0.0,0,0.0,,,PredHPA-r1,flash,111,2.0
0.0,0.0,0.0,145.3375,120.0,0.075,1.0,144,0.0,0,0.0,,,PredHPA-r1,flash,112,2.0
0.0,0.0,0.0,140.11111111111111,108.0,0.075,1.0,123,0.0,0,0.0,,,PredHPA-r1,flash,113,2.0
0.0,0.0,0.0,149.74305555555554,120.0,0.075,1.0,128,0.0,0,0.0,,,PredHPA-r1,flash,114,2.0
0.0,0.0,0.0,130.32083333333333,101.0,0.075,1.0,90,0.0,0,0.0,,,PredHPA-r1,flash,115,2.0
0.0,0.0,0.0,124.24166666666666,120.0,0.075,1.0,141,0.0,0,0.0,,,PredHPA-r1,flash,116,2.0
0.0,0.0,0.0,144.4125,120.0,0.075,1.0,110,0.0,0,0.0,,,PredHPA-r1,flash,117,2.0
0.0,0.0,0.0,145.54166666666666,120.0,0.075,1.0,140,0.0,0,0.0,,,PredHPA-r1,flash,118,2.0
0.0,0.0,0.0,142.20416666666668,120.0,0.075,1.0,164,0.0,0,0.0,,,PredHPA-r1,flash,119,2.0
30.0,0.32119855770517125,0.0,119.9486111111111,120.0,0.075,0.060195463937600245,839,15.0,10,0.0,,,ARC,flash,100,2.0
0.0,0.0,0.0,111.60138888888889,120.0,0.075,1.0,894,0.0,10,0.0,,,ARC,flash,101,2.0
0.0,0.0,0.0,120.02916666666667,120.0,0.075,1.0,970,0.0,10,0.0,,,ARC,flash,102,2.0
5.0,0.04477684971135876,0.0,113.68333333333334,118.0,0.075,0.556948331521607,871,5.0,10,5.0,,,ARC,flash,103,2.0
0.0,0.0,0.0,99.7611111111111,120.0,0.075,1.0,658,0.0,10,0.0,,,ARC,flash,104,2.0
0.0,0.0,0.0,118.17083333333333,120.0,0.075,1.0,885,0.0,10,0.0,,,ARC,flash,105,2.0
35.0,0.3410190788870171,0.0,108.98055555555555,120.0,0.075,0.09250268822342853,865,0.0,10,0.0,,,ARC,flash,106,2.0
0.0,0.0,0.0,115.49027777777778,120.0,0.075,1.0,1013,0.0,10,0.0,,,ARC,flash,107,2.0
0.0,0.0,0.0,114.0625,120.0,0.075,1.0,903,0.0,10,0.0,,,ARC,flash,108,2.0
5.0,0.10241796201186926,0.0,112.62916666666666,120.0,0.075,0.5264135098139124,907,5.0,10,5.0,,,ARC,flash,109,2.0
0.0,0.014262754344629425,0.0,101.56805555555556,120.0,0.075,0.9528325754734336,652,0.0,10,0.0,,,ARC,flash,110,2.0
0.0,0.005144913179766508,0.0,115.11111111111111,118.0,0.075,0.969684950330274,829,0.0,11,0.0,,,ARC,flash,111,2.0
50.0,0.5369091385864166,0.0,109.81944444444444,120.0,0.075,0.06056564146709021,837,15.0,10,0.0,,,ARC,flash,112,2.0
0.0,0.0,0.0,120.56111111111112,120.0,0.075,1.0,865,0.0,10,0.0,,,ARC,flash,113,2.0
0.0,0.0,0.0,125.82777777777778,120.0,0.075,1.0,1030,0.0,10,0.0,,,ARC,flash,114,2.0
0.0,0.0,0.0,110.70833333333333,117.0,0.075,1.0,836,0.0,10,0.0,,,ARC,flash,115,2.0
0.0,0.0,0.0,104.25694444444444,120.0,0.075,1.0,653,0.0,11,0.0,,,ARC,flash,116,2.0
0.0,0.0,0.0,119.59444444444445,120.0,0.075,1.0,871,0.0,10,0.0,,,ARC,flash,117,2.0
30.0,0.23032375554541407,0.0,118.88194444444444,120.0,0.075,0.18254171636822036,865,0.0,10,0.0,,,ARC,flash,118,2.0
0.0,0.0,0.0,111.38055555555556,120.0,0.075,1.0,920,0.0,10,0.0,,,ARC,flash,119,2.0
25.0,0.6820733235756604,0.0,119.0125,120.0,0.075,0.03214115007112251,114,25.0,0,0.0,,,HPA-45-r0,flash,100,3.0
55.0,1.9071641571681175,0.0,122.7611111111111,120.0,0.075,0.02898891351705313,147,55.0,0,0.0,,,HPA-45-r0,flash,101,3.0
20.0,0.9049080992223235,0.0,125.28194444444445,120.0,0.075,0.010786391217497401,116,20.0,0,0.0,,,HPA-45-r0,flash,102,3.0
10.0,0.059264947609116714,0.0,124.99861111111112,120.0,0.075,0.852074107264703,110,10.0,0,0.0,,,HPA-45-r0,flash,103,3.0
10.0,0.05888955869652879,0.0,118.47361111111111,120.0,0.075,0.8884026434666444,127,5.0,0,0.0,,,HPA-45-r0,flash,104,3.0
35.0,0.7133288933045101,0.0,125.70138888888889,120.0,0.075,0.16961260729941283,103,35.0,0,0.0,,,HPA-45-r0,flash,105,3.0
5.0,0.02465192111565928,0.0,119.175,120.0,0.075,0.9098527856029519,106,5.0,0,0.0,,,HPA-45-r0,flash,106,3.0
40.0,1.7703979252811752,0.0,121.72222222222223,120.0,0.075,0.033191151041468386,132,35.0,0,0.0,,,HPA-45-r0,flash,107,3.0
0.0,0.0,0.0,126.59861111111111,120.0,0.075,1.0,111,0.0,0,0.0,,,HPA-45-r0,flash,108,3.0
35.0,1.7402202200965555,0.0,124.59444444444445,120.0,0.075,0.012546441990050058,128,35.0,0,0.0,,,HPA-45-r0,flash,109,3.0
25.0,0.17998643758083688,0.0,119.39444444444445,120.0,0.075,0.6205201711566938,129,15.0,0,0.0,,,HPA-45-r0,flash,110,3.0
0.0,0.0,0.0,121.8375,115.0,0.075,1.0,82,0.0,0,0.0,,,HPA-45-r0,flash,111,3.0
0.0,0.006083761855102399,0.0,119.43333333333334,120.0,0.075,0.9760862189610157,125,0.0,0,0.0,,,HPA-45-r0,flash,112,3.0
25.0,0.5715623822966864,0.0,125.4486111111111,120.0,0.075,0.14498712231972397,132,25.0,0,0.0,,,HPA-45-r0,flash,113,3.0
25.0,1.1800074121703474,0.0,125.95694444444445,120.0,0.075,0.04674881426327718,120,25.0,0,0.0,,,HPA-45-r0,flash,114,3.0
40.0,1.0259506040623978,0.0,124.07083333333334,120.0,0.075,0.05447183859679615,113,40.0,0,0.0,,,HPA-45-r0,flash,115,3.0
5.0,0.0349131306155992,0.0,120.49444444444444,120.0,0.075,0.9046938219184271,144,5.0,0,0.0,,,HPA-45-r0,flash,116,3.0
25.0,0.6384803735924982,0.0,122.52083333333333,120.0,0.075,0.26927747375778877,128,35.0,0,0.0,,,HPA-45-r0,flash,117,3.0
40.0,1.1537020592225056,0.0,121.16388888888889,120.0,0.075,0.0018807061070587527,110,40.0,0,0.0,,,HPA-45-r0,flash,118,3.0
25.0,0.7734315080303977,0.0,123.0375,120.0,0.075,0.208490127045643,147,25.0,0,0.0,,,HPA-45-r0,flash,119,3.0
25.0,0.6701735004332465,0.0,118.60138888888889,120.0,0.075,0.03214115007112251,117,25.0,0,0.0,,,HPA-45-r1,flash,100,3.0
75.0,2.969848100544492,0.0,122.45694444444445,120.0,0.075,0.0009814198300181762,141,75.0,0,0.0,,,HPA-45-r1,flash,101,3.0
30.0,1.055180482399154,0.0,126.16944444444445,120.0,0.075,0.0012670633532798736,124,30.0,0,0.0,,,HPA-45-r1,flash,102,3.0
20.0,0.14943146867850698,0.0,123.58888888888889,120.0,0.075,0.6602586763727005,106,5.0,0,0.0,,,HPA-45-r1,flash,103,3.0
10.0,0.06828815291177737,0.0,118.59861111111111,120.0,0.075,0.8884026434666444,128,5.0,0,0.0,,,HPA-45-r1,flash,104,3.0
35.0,0.7133288933045101,0.0,125.70138888888889,120.0,0.075,0.16961260729941283,103,35.0,0,0.0,,,HPA-45-r1,flash,105,3.0
5.0,0.025128865995416305,0.0,119.53333333333333,120.0,0.075,0.9098527856029519,103,5.0,0,0.0,,,HPA-45-r1,flash,106,3.0
65.0,3.085867721405122,0.0,121.7388888888889,120.0,0.075,0.001834811620692941,141,60.0,0,0.0,,,HPA-45-r1,flash,107,3.0
0.0,0.0,0.0,126.59861111111111,120.0,0.075,1.0,111,0.0,0,0.0,,,HPA-45-r1,flash,108,3.0
55.0,2.094965639656343,0.0,125.16111111111111,120.0,0.075,0.00010310629148060475,144,55.0,0,0.0,,,HPA-45-r1,flash,109,3.0
25.0,0.17998643758083688,0.0,119.39444444444445,120.0,0.075,0.6205201711566938,129,15.0,0,0.0,,,HPA-45-r1,flash,110,3.0
0.0,0.0,0.0,121.8375,115.0,0.075,1.0,82,0.0,0,0.0,,,HPA-45-r1,flash,111,3.0
0.0,0.006083761855102399,0.0,119.64583333333333,120.0,0.075,0.9760862189610157,117,0.0,0,0.0,,,HPA-45-r1,flash,112,3.0
30.0,0.7374477948290048,0.0,125.6,120.0,0.075,0.015016268214558025,129,30.0,0,0.0,,,HPA-45-r1,flash,113,3.0
45.0,1.7994871419069969,0.0,126.9125,120.0,0.075,2.0258526261919064e-05,131,15.0,0,0.0,,,HPA-45-r1,flash,114,3.0
50.0,1.6702776894396587,0.0,124.60972222222222,120.0,0.075,0.0036114377286409717,125,50.0,0,0.0,,,HPA-45-r1,flash,115,3.0
5.0,0.03662982518950475,0.0,119.92916666666666,120.0,0.075,0.9046938219184271,148,5.0,0,0.0,,,HPA-45-r1,flash,116,3.0
100.0,4.69094874413325,0.0,123.49305555555556,120.0,0.075,0.0003964818045185799,141,100.0,0,0.0,,,HPA-45-r1,flash,117,3.0
70.0,2.2213038205606717,0.0,120.97638888888889,120.0,0.075,0.0005276937298448701,114,70.0,0,0.0,,,HPA-45-r1,flash,118,3.0
30.0,1.0545717047652836,0.0,123.04166666666667,120.0,0.075,0.13286853313025818,146,30.0,0,0.0,,,HPA-45-r1,flash,119,3.0
10.0,0.05683266512367391,0.0,147.15,120.0,0.075,0.8917409369347814,175,10.0,0,0.0,,,PredHPA-r1,flash,100,3.0
0.0,0.0,0.0,144.80416666666667,120.0,0.075,1.0,163,0.0,0,0.0,,,PredHPA-r1,flash,101,3.0
0.0,0.0,0.0,150.6638888888889,120.0,0.075,1.0,143,0.0,0,0.0,,,PredHPA-r1,flash,102,3.0
0.0,0.0,0.0,141.04583333333332,120.0,0.075,1.0,127,0.0,0,0.0,,,PredHPA-r1,flash,103,3.0
0.0,0.0,0.0,128.17777777777778,120.0,0.075,1.0,161,0.0,0,0.0,,,PredHPA-r1,flash,104,3.0
0.0,0.0,0.0,149.53333333333333,120.0,0.075,1.0,121,0.0,0,0.0,,,PredHPA-r1,flash,105,3.0
0.0,0.0,0.0,146.64305555555555,120.0,0.075,1.0,162,0.0,0,0.0,,,PredHPA-r1,flash,106,3.0
20.0,0.906906668529317,0.0,141.42777777777778,120.0,0.075,0.05738375540662925,149,20.0,0,0.0,,,PredHPA-r1,flash,107,3.0
0.0,0.0,0.0,150.2736111111111,120.0,0.075,1.0,164,0.0,0,0.0,,,PredHPA-r1,flash,108,3.0
0.0,0.015001492587340959,0.0,141.23055555555555,120.0,0.075,0.9505905328017034,117,0.0,0,0.0,,,PredHPA-r1,flash,109,3.0
0.0,0.0,0.0,129.69444444444446,120.0,0.075,1.0,149,0.0,0,0.0,,,PredHPA-r1,flash,110,3.0
0.0,0.0,0.0,148.48472222222222,120.0,0.075,1.0,114,0.0,0,0.0,,,PredHPA-r1,flash,111,3.0
0.0,0.0,0.0,147.61666666666667,120.0,0.075,1.0,166,0.0,0,0.0,,,PredHPA-r1,flash,112,3.0
0.0,0.0,0.0,148.42083333333332,120.0,0.075,1.0,145,0.0,0,0.0,,,PredHPA-r1,flash,113,3.0
0.0,0.0,0.0,149.9375,120.0,0.075,1.0,135,0.0,0,0.0,,,PredHPA-r1,flash,114,3.0
0.0,0.0,0.0,140.38333333333333,120.0,0.075,1.0,118,0.0,0,0.0,,,PredHPA-r1,flash,115,3.0
0.0,0.0,0.0,129.79166666666666,120.0,0.075,1.0,155,0.0,0,0.0,,,PredHPA-r1,flash,116,3.0
0.0,0.0,0.0,149.62083333333334,120.0,0.075,1.0,135,0.0,0,0.0,,,PredHPA-r1,flash,117,3.0
5.0,0.0377704866628914,0.0,147.9152777777778,120.0,0.075,0.8674716953476097,155,5.0,0,0.0,,,PredHPA-r1,flash,118,3.0
5.0,0.036093009299054124,0.0,144.925,120.0,0.075,0.9377110349260391,166,5.0,0,0.0,,,PredHPA-r1,flash,119,3.0
25.0,0.1691776343501039,0.0,122.30833333333334,120.0,0.075,0.06008224566101156,888,15.0,9,0.0,,,ARC,flash,100,3.0
5.0,0.034028015415032975,0.0,116.9,120.0,0.075,0.9097062283728293,925,5.0,10,0.0,,,ARC,flash,101,3.0
0.0,0.0,0.0,122.42916666666666,120.0,0.075,1.0,995,0.0,10,0.0,,,ARC,flash,102,3.0
0.0,0.0,0.0,119.34166666666667,120.0,0.075,1.0,900,0.0,10,0.0,,,ARC,flash,103,3.0
0.0,0.0,0.0,103.67083333333333,120.0,0.075,1.0,677,0.0,9,0.0,,,ARC,flash,104,3.0
0.0,0.0,0.0,122.31527777777778,120.0,0.075,1.0,931,0.0,10,0.0,,,ARC,flash,105,3.0
45.0,0.4734520016922872,0.0,116.57916666666667,120.0,0.075,0.18070781845233783,896,15.0,10,0.0,,,ARC,flash,106,3.0
10.0,0.3069164418268544,0.0,123.3,120.0,0.075,0.3805078583533315,1026,10.0,10,0.0,,,ARC,flash,107,3.0
0.0,0.0,0.0,117.76388888888889,120.0,0.075,1.0,944,0.0,10,0.0,,,ARC,flash,108,3.0
5.0,0.019718626366727054,0.0,117.87777777777778,120.0,0.075,0.9350540076601408,980,5.0,9,0.0,,,ARC,flash,109,3.0
25.0,0.6467273531796547,0.0,105.68194444444444,120.0,0.075,0.023223167748400327,663,25.0,10,0.0,,,ARC,flash,110,3.0
0.0,0.004663922074144011,0.0,120.97083333333333,120.0,0.075,0.969684950330274,876,0.0,10,0.0,,,ARC,flash,111,3.0
50.0,0.42896977732160835,0.0,112.6,120.0,0.075,0.07962596390254154,876,15.0,10,0.0,,,ARC,flash,112,3.0
0.0,0.0,0.0,125.84583333333333,120.0,0.075,1.0,896,0.0,10,0.0,,,ARC,flash,113,3.0
0.0,0.0,0.0,127.55694444444444,120.0,0.075,1.0,1073,0.0,10,0.0,,,ARC,flash,114,3.0
20.0,0.2689431318407598,0.0,117.05,120.0,0.075,0.585002769065566,880,20.0,10,0.0,,,ARC,flash,115,3.0
0.0,0.015428228519032139,0.0,107.14861111111111,120.0,0.075,0.9505638811746498,696,0.0,10,0.0,,,ARC,flash,116,3.0
0.0,0.0,0.0,124.20277777777778,120.0,0.075,1.0,862,0.0,10,0.0,,,ARC,flash,117,3.0
20.0,0.26514406979402105,0.0,123.225,120.0,0.075,0.37988000853646736,878,10.0,9,0.0,,,ARC,flash,118,3.0
0.0,0.0,0.0,115.81944444444444,120.0,0.075,1.0,981,0.0,10,0.0,,,ARC,flash,119,3.0
25.0,1.0157903778008626,0.0,119.94166666666666,120.0,0.075,0.0627875396362935,127,20.0,0,0.0,,,HPA-45-r0,flash,100,4.0
95.0,6.399043486186962,0.0,124.19583333333334,120.0,0.075,0.010417139740056954,147,60.0,0,0.0,,,HPA-45-r0,flash,101,4.0
25.0,1.338803579766823,0.0,125.97777777777777,120.0,0.075,0.005485087148735084,135,25.0,0,0.0,,,HPA-45-r0,flash,102,4.0
50.0,1.4282545806999947,0.0,125.06944444444444,120.0,0.075,0.017752380837228725,133,50.0,0,0.0,,,HPA-45-r0,flash,103,4.0
100.0,3.177489219513008,0.0,119.14305555555555,120.0,0.075,0.024885958363823343,145,50.0,0,0.0,,,HPA-45-r0,flash,104,4.0
20.0,0.3644344313941561,0.0,126.72638888888889,120.0,0.075,0.5159511238562394,123,20.0,0,0.0,,,HPA-45-r0,flash,105,4.0
45.0,1.245992506024296,0.0,120.675,120.0,0.075,0.025734032960078243,125,40.0,0,0.0,,,HPA-45-r0,flash,106,4.0
100.0,7.121891923602064,0.0,123.44722222222222,120.0,0.075,0.0011164926103071748,158,60.0,0,0.0,,,HPA-45-r0,flash,107,4.0
15.0,0.24722694149686975,0.0,126.67777777777778,120.0,0.075,0.45672826849502113,126,10.0,0,0.0,,,HPA-45-r0,flash,108,4.0
45.0,2.404312475670356,0.0,126.39583333333333,120.0,0.075,0.02363006512163422,148,45.0,0,0.0,,,HPA-45-r0,flash,109,4.0
70.0,2.336083745008055,0.0,119.51388888888889,120.0,0.075,0.032116664788990286,137,50.0,0,0.0,,,HPA-45-r0,flash,110,4.0
15.0,0.08539808188141595,0.0,125.95416666666667,120.0,0.075,0.8082507488415761,110,15.0,0,0.0,,,HPA-45-r0,flash,111,4.0
50.0,0.9989703221081392,0.0,120.57777777777778,120.0,0.075,0.07378302637824016,137,45.0,0,0.0,,,HPA-45-r0,flash,112,4.0
70.0,2.583244952816244,0.0,127.73611111111111,120.0,0.075,0.0036968823212202642,152,70.0,0,0.0,,,HPA-45-r0,flash,113,4.0
50.0,2.6055385476279502,0.0,127.12361111111112,120.0,0.075,9.497010793230886e-05,135,60.0,0,0.0,,,HPA-45-r0,flash,114,4.0
50.0,1.9591308183283807,0.0,125.76527777777778,120.0,0.07500000000000005,0.0010864406712667505,135,50.0,0,0.0,,,HPA-45-r0,flash,115,4.0
55.0,1.7304084161926414,0.0,121.0125,120.0,0.075,0.03269157815337187,147,35.0,0,0.0,,,HPA-45-r0,flash,116,4.0
50.0,2.335345401399347,0.0,125.3013888888889,120.0,0.075,0.006831342866004847,138,60.0,0,0.0,,,HPA-45-r0,flash,117,4.0
100.0,3.142115507591625,0.0,121.39722222222223,120.0,0.075,0.0012544885666200126,121,50.0,0,0.0,,,HPA-45-r0,flash,118,4.0
100.0,6.5358325678765645,0.0,124.83472222222223,120.0,0.075,0.0004688671439337347,156,65.0,0,0.0,,,HPA-45-r0,flash,119,4.0
45.0,1.547004850467737,0.0,119.94166666666666,120.0,0.075,0.034872118314152746,136,35.0,0,0.0,,,HPA-45-r1,flash,100,4.0
295.0,15.666446712087067,0.0,123.92222222222222,120.0,0.075,0.00016895933249605377,151,160.0,0,0.0,,,HPA-45-r1,flash,101,4.0
45.0,1.7782737797537584,0.0,126.7611111111111,120.0,0.075,9.401778588018617e-06,135,45.0,0,0.0,,,HPA-45-r1,flash,102,4.0
65.0,2.1076470687645954,0.0,125.59305555555555,120.0,0.07500000000000005,0.00024402182783601897,130,65.0,0,0.0,,,HPA-45-r1,flash,103,4.0
580.0,32.48399522396487,0.0,119.26944444444445,120.0,4.213966474941299,0.0010993514546115712,145,65.0,0,0.0,,,HPA-45-r1,flash,104,4.0
30.0,0.4624108383393444,0.0,126.68055555555556,120.0,0.075,0.46928332076042456,121,30.0,0,0.0,,,HPA-45-r1,flash,105,4.0
365.0,16.298365736006147,0.0,121.24583333333334,120.0,1.6639415774429174,0.0006404372008683832,124,120.0,0,0.0,,,HPA-45-r1,flash,106,4.0
300.0,16.269172992038104,0.0,123.23611111111111,120.0,0.075,0.00016066189457393266,155,165.0,0,0.0,,,HPA-45-r1,flash,107,4.0
25.0,0.6509931662786683,0.0,126.64444444444445,120.0,0.075,0.24161219266525444,122,10.0,0,0.0,,,HPA-45-r1,flash,108,4.0
65.0,2.9719661339492,0.0,127.37361111111112,120.0,0.075,7.0965172753428135e-06,153,65.0,0,0.0,,,HPA-45-r1,flash,109,4.0
610.0,33.89176748752196,0.0,119.70694444444445,120.0,4.855677075072745,0.0004492525802783027,133,65.0,0,0.0,,,HPA-45-r1,flash,110,4.0
45.0,1.7622412940546228,0.0,125.60833333333333,120.0,0.075,0.002686804838522337,117,45.0,0,0.0,,,HPA-45-r1,flash,111,4.0
60.0,1.4330575090306996,0.0,120.74583333333334,120.0,0.075,0.0010748924062064364,133,55.0,0,0.0,,,HPA-45-r1,flash,112,4.0
245.0,12.215950151934829,0.0,127.74444444444444,120.0,0.075,0.00012718838310043265,161,245.0,0,0.0,,,HPA-45-r1,flash,113,4.0
70.0,3.0947960035173527,0.0,127.1763888888889,120.0,0.075,7.448850784182317e-06,143,70.0,0,0.0,,,HPA-45-r1,flash,114,4.0
65.0,2.66269362317344,0.0,125.57638888888889,120.0,0.07500000000000007,0.0001017612373211819,148,65.0,0,0.0,,,HPA-45-r1,flash,115,4.0
460.0,26.520143918728845,0.0,121.1875,120.0,3.1698511350393423,0.00040297700000299234,153,45.0,0,0.0,,,HPA-45-r1,flash,116,4.0
105.0,5.885543102560331,0.0,125.54722222222222,120.0,0.075,0.0005992561109723465,146,115.0,0,0.0,,,HPA-45-r1,flash,117,4.0
240.0,10.546066393851195,0.0,120.91527777777777,120.0,0.075,0.00017317785101445292,130,75.0,0,0.0,,,HPA-45-r1,flash,118,4.0
330.0,17.142156616791116,0.0,124.65972222222223,120.0,0.10650117354469121,2.733713514732204e-05,161,195.0,0,0.0,,,HPA-45-r1,flash,119,4.0
5.0,0.0740238860167386,0.0,147.90833333333333,120.0,0.075,0.8561549355101458,186,5.0,0,0.0,,,PredHPA-r1,flash,100,4.0
60.0,2.2282095687522263,0.0,146.60972222222222,120.0,0.075,0.037782437561772596,178,45.0,0,0.0,,,PredHPA-r1,flash,101,4.0
0.0,0.031045444486610396,0.0,151.2763888888889,120.0,0.075,0.9543269476127367,161,0.0,0,0.0,,,PredHPA-r1,flash,102,4.0
0.0,0.0,0.0,142.15,120.0,0.075,1.0,139,0.0,0,0.0,,,PredHPA-r1,flash,103,4.0
500.0,28.934934624489717,0.0,129.44583333333333,120.0,3.0549999999999997,0.0011208972491337295,161,500.0,0,0.0,,,PredHPA-r1,flash,104,4.0
0.0,0.004409408516836688,0.0,150.10416666666666,120.0,0.075,0.9848102288764006,130,0.0,0,0.0,,,PredHPA-r1,flash,105,4.0
0.0,0.014610066044562497,0.0,148.9,120.0,0.075,0.9775150355122312,175,0.0,0,0.0,,,PredHPA-r1,flash,106,4.0
185.0,10.903471664212761,0.0,143.54861111111111,120.0,0.075,2.7211479006451987e-05,175,125.0,0,0.0,,,PredHPA-r1,flash,107,4.0
0.0,0.0,0.0,150.92777777777778,120.0,0.075,1.0,162,0.0,0,0.0,,,PredHPA-r1,flash,108,4.0
35.0,1.9521617495995125,0.0,142.17638888888888,120.0,0.075,0.004558460081981346,139,35.0,0,0.0,,,PredHPA-r1,flash,109,4.0
65.0,2.3294030857369363,0.0,130.03055555555557,120.0,0.075,0.0017508380828970159,160,60.0,0,0.0,,,PredHPA-r1,flash,110,4.0
0.0,0.0,0.0,149.16805555555555,120.0,0.075,1.0,129,0.0,0,0.0,,,PredHPA-r1,flash,111,4.0
25.0,0.6133975039620876,0.0,148.2125,120.0,0.075,0.5096464840101919,180,15.0,0,0.0,,,PredHPA-r1,flash,112,4.0
15.0,0.22154224123743793,0.0,149.76111111111112,120.0,0.075,0.59075247702496,163,15.0,0,0.0,,,PredHPA-r1,flash,113,4.0
15.0,0.826050543105461,0.0,150.425,120.0,0.075,0.2737150084896765,150,15.0,0,0.0,,,PredHPA-r1,flash,114,4.0
20.0,0.29508490321927816,0.0,141.6,120.0,0.075,0.49524853739528774,124,20.0,0,0.0,,,PredHPA-r1,flash,115,4.0
465.0,26.432134122979388,0.0,130.925,120.0,3.0549999999999997,0.0010592413840858099,166,35.0,0,0.0,,,PredHPA-r1,flash,116,4.0
0.0,0.0,0.0,151.5625,120.0,0.075,1.0,135,0.0,0,0.0,,,PredHPA-r1,flash,117,4.0
30.0,0.8488842658202822,0.0,147.98333333333332,120.0,0.075,0.03313243423828091,156,5.0,0,0.0,,,PredHPA-r1,flash,118,4.0
105.0,5.7204892094045,0.0,147.31666666666666,120.0,0.07500000000000007,0.00019434212892263916,181,50.0,0,0.0,,,PredHPA-r1,flash,119,4.0
35.0,0.4870070556710626,0.0,123.71388888888889,120.0,0.075,0.06008224566101156,878,10.0,9,0.0,,,ARC,flash,100,4.0
70.0,3.7142446204384783,0.0,121.82638888888889,120.0,0.075,0.013422705933040787,919,35.0,10,0.0,,,ARC,flash,101,4.0
0.0,0.0,0.0,123.70555555555555,120.0,0.075,1.0,1006,0.0,10,0.0,,,ARC,flash,102,4.0
0.0,0.0020603168487731693,0.0,119.78611111111111,120.0,0.075,0.9903267514146668,921,0.0,10,0.0,,,ARC,flash,103,4.0
65.0,3.1179310951383155,0.0,105.0125,120.0,0.075,0.05736734789185586,697,65.0,9,0.0,,,ARC,flash,104,4.0
0.0,0.0,0.0,123.08611111111111,120.0,0.075,1.0,932,0.0,10,0.0,,,ARC,flash,105,4.0
55.0,1.034594932340438,0.0,118.0875,120.0,0.075,0.029961548239192906,909,15.0,10,0.0,,,ARC,flash,106,4.0
60.0,3.7551165728127445,0.0,124.89305555555555,120.0,0.07500000000000007,0.06752396396041194,1029,25.0,10,0.0,,,ARC,flash,107,4.0
0.0,0.0,0.0,118.375,120.0,0.075,1.0,960,0.0,10,0.0,,,ARC,flash,108,4.0
15.0,0.39038070804537917,0.0,119.68333333333334,120.0,0.075,0.28105717882127124,1008,15.0,9,0.0,,,ARC,flash,109,4.0
55.0,1.5275206291798904,0.0,107.50416666666666,120.0,0.075,0.0010386238158501626,672,35.0,10,0.0,,,ARC,flash,110,4.0
0.0,0.004265176393214443,0.0,122.60277777777777,120.0,0.075,0.969684950330274,902,0.0,10,0.0,,,ARC,flash,111,4.0
55.0,0.5179556337129188,0.0,113.09583333333333,120.0,0.075,0.05829112692265186,874,5.0,9,0.0,,,ARC,flash,112,4.0
30.0,0.6150550148847134,0.0,129.1875,120.0,0.075,0.06417503866091377,931,30.0,10,0.0,,,ARC,flash,113,4.0
0.0,0.0,0.0,127.95833333333333,120.0,0.075,1.0,1039,0.0,9,0.0,,,ARC,flash,114,4.0
30.0,1.2233684753665375,0.0,118.44444444444444,120.0,0.075,0.005341433656445131,910,30.0,9,0.0,,,ARC,flash,115,4.0
20.0,0.5202477738198041,0.0,107.36666666666666,120.0,0.075,0.17859843717504242,674,20.0,10,20.0,,,ARC,flash,116,4.0
0.0,0.0,0.0,124.96388888888889,120.0,0.075,1.0,906,0.0,10,0.0,,,ARC,flash,117,4.0
50.0,1.5073347427982275,0.0,122.68333333333334,120.0,0.075,0.03424768104941821,877,35.0,10,0.0,,,ARC,flash,118,4.0
40.0,3.317968373482183,0.0,118.07222222222222,120.0,0.075,0.017642420904865376,962,40.0,10,0.0,,,ARC,flash,119,4.0
165.0,6.130281596917486,0.0,120.07777777777778,120.0,0.075,0.02015648764179752,146,10.0,0,0.0,,,HPA-45-r0,flash,100,5.0
140.0,9.45081916744196,0.0,125.34583333333333,120.0,0.075,0.00021102928021235622,148,75.0,0,0.0,,,HPA-45-r0,flash,101,5.0
95.0,3.332554029136414,0.0,126.68194444444444,120.0,0.075,0.0023779573066896043,140,40.0,0,0.0,,,HPA-45-r0,flash,102,5.0
55.0,2.2930659186682245,0.0,125.10277777777777,120.0,0.075,0.001767507782837007,133,55.0,0,0.0,,,HPA-45-r0,flash,103,5.0
245.0,11.454046205270195,0.0,119.43888888888888,120.0,0.075,0.0008330885706903882,141,60.0,0,0.0,,,HPA-45-r0,flash,104,5.0
60.0,2.018908494578242,0.0,127.07222222222222,120.0,0.075,0.03572493672598773,129,35.0,0,0.0,,,HPA-45-r0,flash,105,5.0
255.0,13.47354772709204,0.0,121.325,120.0,0.075,0.0007738410151458229,122,50.0,0,0.0,,,HPA-45-r0,flash,106,5.0
160.0,11.067141897253862,0.0,124.4486111111111,120.0,0.075,0.0005810341055909642,153,70.0,0,0.0,,,HPA-45-r0,flash,107,5.0
55.0,0.9946018906012877,0.0,127.03611111111111,120.0,0.075,0.3087002333478184,128,15.0,0,0.0,,,HPA-45-r0,flash,108,5.0
75.0,3.5616429589457765,0.0,126.86944444444444,120.0,0.075,0.0004241714936124087,145,70.0,0,0.0,,,HPA-45-r0,flash,109,5.0
345.0,15.345614255458074,0.0,120.21388888888889,120.0,0.3320624745190756,0.0002542367879469303,140,70.0,0,0.0,,,HPA-45-r0,flash,110,5.0
50.0,1.9595289339489397,0.0,125.72777777777777,120.0,0.07500000000000007,0.02069663325469757,111,55.0,0,0.0,,,HPA-45-r0,flash,111,5.0
250.0,12.965760022065675,0.0,120.7611111111111,120.0,0.0750000000000001,0.0018373655506104933,138,70.0,0,0.0,,,HPA-45-r0,flash,112,5.0
115.0,4.668323221120918,0.0,127.78472222222223,120.0,0.07500000000000005,0.0008681121723318948,149,85.0,0,0.0,,,HPA-45-r0,flash,113,5.0
90.0,4.425762946825518,0.0,127.0736111111111,120.0,0.075,3.586268135003301e-05,140,65.0,0,0.0,,,HPA-45-r0,flash,114,5.0
85.0,3.0539257296644085,0.0,126.69583333333334,120.0,0.075,0.00042621880331137637,143,60.0,0,0.0,,,HPA-45-r0,flash,115,5.0
205.0,10.76887607275645,0.0,121.19583333333334,120.0,0.075,0.004760384961436122,155,40.0,0,0.0,,,HPA-45-r0,flash,116,5.0
105.0,5.910859144046288,0.0,126.90555555555555,120.0,0.075,0.0010388093373365666,143,105.0,0,0.0,,,HPA-45-r0,flash,117,5.0
250.0,14.101041199017395,0.0,121.32083333333334,120.0,0.075,0.0006617253881517489,125,60.0,0,0.0,,,HPA-45-r0,flash,118,5.0
140.0,9.71057390467327,0.0,125.83055555555555,120.0,0.075,0.00013683826031640425,154,70.0,0,0.0,,,HPA-45-r0,flash,119,5.0
505.0,31.10640332440273,0.0,120.11944444444444,120.0,6.049999999999999,0.00012861157019595425,147,15.0,0,0.0,,,HPA-45-r1,flash,100,5.0
565.0,32.949424033020634,0.0,124.9625,120.0,5.584863599847523,6.534593327776597e-05,155,430.0,0,0.0,,,HPA-45-r1,flash,101,5.0
50.0,2.4223425766497386,0.0,127.66111111111111,120.0,0.075,8.051092654964845e-06,147,50.0,0,0.0,,,HPA-45-r1,flash,102,5.0
430.0,19.74064583232592,0.0,126.8,120.0,3.053,3.456563399940526e-05,165,325.0,0,0.0,,,HPA-45-r1,flash,103,5.0
710.0,45.43818487847175,0.0,119.25972222222222,120.0,6.055,6.648610127336945e-06,123,70.0,0,0.0,,,HPA-45-r1,flash,104,5.0
455.0,23.159679353566364,0.0,127.30416666666666,120.0,4.511835305124056,0.0056200795365368185,124,45.0,0,0.0,,,HPA-45-r1,flash,105,5.0
790.0,42.01298547983428,0.0,121.38333333333334,120.0,3.075,1.4400252616132481e-05,132,180.0,0,0.0,,,HPA-45-r1,flash,106,5.0
555.0,31.694301896928124,0.0,124.35555555555555,120.0,3.075,4.267229120805842e-06,161,355.0,0,0.0,,,HPA-45-r1,flash,107,5.0
25.0,0.3994473895108097,0.0,127.04027777777777,120.0,0.075,0.3091638819005345,129,15.0,0,0.0,,,HPA-45-r1,flash,108,5.0
120.0,5.647002595726036,0.0,127.71111111111111,120.0,0.075,4.924870918726065e-06,162,115.0,0,0.0,,,HPA-45-r1,flash,109,5.0
765.0,48.27088226644541,0.0,120.25277777777778,120.0,6.074999999999999,3.3287257592149124e-05,123,80.0,0,0.0,,,HPA-45-r1,flash,110,5.0
155.0,6.766029201088964,0.0,125.72777777777777,120.0,0.07500000000000007,0.0013961150704392172,119,65.0,0,0.0,,,HPA-45-r1,flash,111,5.0
495.0,26.61501160179377,0.0,120.62222222222222,120.0,3.0749999999999997,9.643857802214661e-05,140,100.0,0,0.0,,,HPA-45-r1,flash,112,5.0
805.0,42.27383143086595,0.0,127.75694444444444,120.0,3.0749999999999997,1.5108710242772186e-05,168,510.0,0,0.0,,,HPA-45-r1,flash,113,5.0
75.0,3.9911809259444264,0.0,127.46805555555555,120.0,0.075,8.815583138577349e-06,144,75.0,0,0.0,,,HPA-45-r1,flash,114,5.0
205.0,10.216335971067325,0.0,126.41805555555555,120.0,0.075,8.083808282612701e-06,161,200.0,0,0.0,,,HPA-45-r1,flash,115,5.0
600.0,40.28325219732799,0.0,121.34583333333333,120.0,6.055,6.880178431659453e-06,128,45.0,0,0.0,,,HPA-45-r1,flash,116,5.0
135.0,8.042426095186006,0.0,126.07777777777778,120.0,0.075,7.615595416575616e-06,144,135.0,0,0.0,,,HPA-45-r1,flash,117,5.0
425.0,21.796430855082594,0.0,120.9486111111111,120.0,2.576582593221193,3.131593571081012e-05,128,185.0,0,0.0,,,HPA-45-r1,flash,118,5.0
605.0,35.459356385351995,0.0,125.58472222222223,120.0,6.055499999999999,9.49178032696975e-06,156,465.0,0,0.0,,,HPA-45-r1,flash,119,5.0
540.0,31.575247397384942,0.0,148.4625,120.0,3.9542950214914114,7.610652022712537e-05,196,155.0,0,0.0,,,PredHPA-r1,flash,100,5.0
205.0,12.694689986008322,0.0,146.90694444444443,120.0,0.075,0.0036844263877988657,187,150.0,0,0.0,,,PredHPA-r1,flash,101,5.0
25.0,0.15912256725192364,0.0,151.9138888888889,120.0,0.075,0.9049531475902932,163,10.0,0,0.0,,,PredHPA-r1,flash,102,5.0
5.0,0.03242050946596908,0.0,142.29166666666666,120.0,0.075,0.9216315996215625,136,5.0,0,0.0,,,PredHPA-r1,flash,103,5.0
110.0,5.718813891629337,0.0,129.7513888888889,120.0,0.075,0.033213365467920704,162,25.0,0,0.0,,,PredHPA-r1,flash,104,5.0
270.0,13.516438003662179,0.0,150.79583333333332,120.0,0.075,0.0010203977803737243,147,5.0,0,0.0,,,PredHPA-r1,flash,105,5.0
170.0,8.307364445226995,0.0,149.00416666666666,120.0,0.075,0.0010324054228874494,177,10.0,0,0.0,,,PredHPA-r1,flash,106,5.0
295.0,18.446631682942748,0.0,143.87083333333334,120.0,0.075,6.014459183247774e-06,181,155.0,0,0.0,,,PredHPA-r1,flash,107,5.0
10.0,0.07498135958982077,0.0,151.26944444444445,120.0,0.075,0.9163857141062125,159,10.0,0,0.0,,,PredHPA-r1,flash,108,5.0
75.0,3.7625038934406607,0.0,142.59305555555557,120.0,0.075,0.0005134600091085667,149,75.0,0,0.0,,,PredHPA-r1,flash,109,5.0
750.0,47.375003490718115,0.0,130.46527777777777,120.0,5.702665712297947,6.491057591228605e-06,162,70.0,0,0.0,,,PredHPA-r1,flash,110,5.0
5.0,0.023912906542156165,0.0,149.4013888888889,120.0,0.075,0.9103439684714618,140,5.0,0,0.0,,,PredHPA-r1,flash,111,5.0
130.0,5.485732748479477,0.0,149.04583333333332,120.0,0.075,0.03864931174064893,193,25.0,0,0.0,,,PredHPA-r1,flash,112,5.0
50.0,1.6607379042547832,0.0,149.60833333333332,120.0,0.075,0.03422336003636185,178,45.0,0,0.0,,,PredHPA-r1,flash,113,5.0
55.0,2.5979648236334585,0.0,150.57638888888889,120.0,0.075,0.005364573624764046,160,20.0,0,0.0,,,PredHPA-r1,flash,114,5.0
55.0,1.423994590317279,0.0,142.12777777777777,120.0,0.075,0.022446255056162857,140,45.0,0,0.0,,,PredHPA-r1,flash,115,5.0
210.0,10.390631075693136,0.0,130.55833333333334,120.0,0.07500000000000001,0.0004399758849285991,173,45.0,0,0.0,,,PredHPA-r1,flash,116,5.0
5.0,0.0375515306467844,0.0,152.02916666666667,120.0,0.075,0.9422614225448417,147,5.0,0,0.0,,,PredHPA-r1,flash,117,5.0
245.0,11.895066710485903,0.0,147.92777777777778,120.0,0.075,6.83024985475074e-05,172,75.0,0,0.0,,,PredHPA-r1,flash,118,5.0
325.0,19.66214716367488,0.0,147.0875,120.0,0.07711754794174193,8.15534971639354e-06,201,180.0,0,0.0,,,PredHPA-r1,flash,119,5.0
255.0,12.657285453685374,0.0,124.925,120.0,0.075,0.0011496906555641209,866,10.0,9,0.0,,,ARC,flash,100,5.0
90.0,6.565301379267618,0.0,120.59305555555555,120.0,0.075,0.00010290649879516742,937,35.0,10,0.0,,,ARC,flash,101,5.0
60.0,1.9963893097191376,0.0,129.16666666666666,120.0,0.075,0.059919352955989484,995,5.0,10,0.0,,,ARC,flash,102,5.0
25.0,0.4721390168300865,0.0,121.84722222222223,120.0,0.075,0.06516127799447444,932,20.0,9,0.0,,,ARC,flash,103,5.0
355.0,19.819901506273208,0.0,106.41388888888889,120.0,0.5588792142633616,0.0005376461008151559,673,10.0,9,0.0,,,ARC,flash,104,5.0
20.0,0.14066892514282836,0.0,123.41388888888889,120.0,0.075,0.9007883619642332,929,5.0,10,0.0,,,ARC,flash,105,5.0
135.0,3.3419856108851898,0.0,118.36805555555556,120.0,0.075,0.012252470980730436,894,25.0,10,0.0,,,ARC,flash,106,5.0
85.0,6.08142860011458,0.0,126.52222222222223,120.0,0.075,0.00991900949551122,1045,30.0,10,0.0,,,ARC,flash,107,5.0
35.0,0.39665368767668463,0.0,118.92777777777778,120.0,0.075,0.8466713320521635,939,10.0,10,0.0,,,ARC,flash,108,5.0
50.0,1.6806647490311577,0.0,120.53194444444445,120.0,0.075,0.004372580930300282,964,45.0,9,0.0,,,ARC,flash,109,5.0
295.0,13.94797692990788,0.0,114.9875,120.0,0.07632710882902369,0.0018616967625126521,682,40.0,10,0.0,,,ARC,flash,110,5.0
5.0,0.01869148362746431,0.0,122.70555555555555,120.0,0.075,0.9370280899219497,889,5.0,10,0.0,,,ARC,flash,111,5.0
270.0,11.460806299451843,0.0,115.95972222222223,120.0,0.075,0.004094597303735247,892,5.0,9,0.0,,,ARC,flash,112,5.0
60.0,1.570414622304006,0.0,129.9361111111111,120.0,0.075,0.005392513370134916,930,35.0,10,0.0,,,ARC,flash,113,5.0
30.0,1.2690774636675006,0.0,130.58055555555555,120.0,0.075,0.10640878204338103,1039,20.0,9,0.0,,,ARC,flash,114,5.0
35.0,1.5473909706558597,0.0,118.86666666666666,120.0,0.075,0.004739943066663869,900,30.0,9,0.0,,,ARC,flash,115,5.0
125.0,6.632160698318323,0.0,111.9486111111111,120.0,0.075,0.02815626790428547,707,25.0,10,25.0,,,ARC,flash,116,5.0
425.0,21.1237145053744,0.0,126.40694444444445,120.0,3.0749999999999997,0.00558536923478921,836,5.0,10,0.0,,,ARC,flash,117,5.0
90.0,2.6773519247946576,0.0,127.11944444444444,120.0,0.075,0.021248354784175236,884,35.0,9,0.0,,,ARC,flash,118,5.0
55.0,4.554738172751227,0.0,120.15833333333333,120.0,0.075,0.0005494788772362424,978,10.0,10,0.0,,,ARC,flash,119,5.0
420.0,25.923797898382006,0.0,120.36527777777778,120.0,1.6479378412460803,0.0007232071902756245,150,30.0,0,0.0,,,HPA-45-r0,flash,100,6.0
235.0,15.448757258128909,0.0,125.74166666666666,120.0,0.075,1.1129141356701751e-05,156,100.0,0,0.0,,,HPA-45-r0,flash,101,6.0
285.0,16.722564516680915,0.0,126.81666666666666,120.0,0.14061454511634497,3.61926137234268e-05,137,70.0,0,0.0,,,HPA-45-r0,flash,102,6.0
235.0,11.092470787384578,0.0,126.45833333333333,120.0,0.07500000000000023,0.0002888625886325357,143,55.0,0,0.0,,,HPA-45-r0,flash,103,6.0
575.0,35.397103286885866,0.0,119.72638888888889,120.0,2.9423630205444598,0.00013360883580575912,135,10.0,0,0.0,,,HPA-45-r0,flash,104,6.0
180.0,9.004047270701642,0.0,127.19305555555556,120.0,0.075,0.004779110841936704,128,50.0,0,0.0,,,HPA-45-r0,flash,105,6.0
425.0,24.965829137399265,0.0,120.65833333333333,120.0,1.7494090765882093,0.00016508661843428918,112,70.0,0,0.0,,,HPA-45-r0,flash,106,6.0
240.0,15.967740626898719,0.0,124.64861111111111,120.0,0.0750000000000001,1.0456690208411491e-05,153,115.0,0,0.0,,,HPA-45-r0,flash,107,6.0
215.0,9.216812536559804,0.0,127.2611111111111,120.0,0.075,0.0249387397457515,141,15.0,0,0.0,,,HPA-45-r0,flash,108,6.0
265.0,13.106649850014552,0.0,126.63333333333334,120.0,0.075,7.353583786777721e-05,153,75.0,0,0.0,,,HPA-45-r0,flash,109,6.0
680.0,46.23285107618297,0.0,120.09305555555555,120.0,5.601728496530642,2.6412953501924414e-05,127,70.0,0,0.0,,,HPA-45-r0,flash,110,6.0
170.0,6.353472287064655,0.0,126.58194444444445,120.0,0.075,0.0030902342779574638,115,65.0,0,0.0,,,HPA-45-r0,flash,111,6.0
460.0,29.944380477107835,0.0,121.0111111111111,120.0,3.075,0.0001804210135289731,131,70.0,0,0.0,,,HPA-45-r0,flash,112,6.0
415.0,21.499923498075503,0.0,127.98611111111111,120.0,1.4584602026677365,0.0001562191910931776,154,225.0,0,0.0,,,HPA-45-r0,flash,113,6.0
270.0,14.108799155292873,0.0,127.26944444444445,120.0,0.075,1.1407527165836297e-05,140,70.0,0,0.0,,,HPA-45-r0,flash,114,6.0
220.0,11.567592442090845,0.0,126.43055555555556,120.0,0.0750000000000001,0.0003723267136132523,146,60.0,0,0.0,,,HPA-45-r0,flash,115,6.0
475.0,33.67869326467914,0.0,121.32916666666667,120.0,2.7668325309840296,9.090036904852454e-05,146,45.0,0,0.0,,,HPA-45-r0,flash,116,6.0
155.0,9.775489132406944,0.0,126.23194444444445,120.0,0.075,4.654886543544979e-05,141,115.0,0,0.0,,,HPA-45-r0,flash,117,6.0
400.0,26.169718118294394,0.0,121.45972222222223,120.0,1.9180993779006663,0.00038263147348668256,128,70.0,0,0.0,,,HPA-45-r0,flash,118,6.0
205.0,14.059480857324957,0.0,125.71666666666667,120.0,0.075,2.9068398951763047e-05,166,105.0,0,0.0,,,HPA-45-r0,flash,119,6.0
420.0,25.74194870288544,0.0,121.60277777777777,120.0,1.9078771611910574,0.0052279390648602205,131,45.0,0,0.0,,,HPA-45-r1,flash,100,6.0
585.0,37.54281363218269,0.0,125.74166666666666,120.0,6.0649999999999995,1.9281564368387803e-06,153,435.0,0,0.0,,,HPA-45-r1,flash,101,6.0
225.0,10.336756142541514,0.0,127.96944444444445,120.0,0.075,7.350360444483088e-06,148,75.0,0,0.0,,,HPA-45-r1,flash,102,6.0
575.0,30.939482516959682,0.0,126.98472222222222,120.0,5.396252401272464,5.774231557641574e-06,141,340.0,0,0.0,,,HPA-45-r1,flash,103,6.0
740.0,51.412546477033914,0.0,119.54444444444445,120.0,6.181610124821432,5.174931120116585e-06,132,10.0,0,0.0,,,HPA-45-r1,flash,104,6.0
550.0,31.543307949347255,0.0,127.76388888888889,120.0,4.20666182412,3.678441488340926e-05,128,55.0,0,0.0,,,HPA-45-r1,flash,105,6.0
810.0,47.46144369971533,0.0,121.13194444444444,120.0,5.430423240223324,5.9982448345939e-06,120,195.0,0,0.0,,,HPA-45-r1,flash,106,6.0
600.0,38.449122243259346,0.0,125.00972222222222,120.0,6.0649999999999995,1.9236943679879423e-06,151,450.0,0,0.0,,,HPA-45-r1,flash,107,6.0
575.0,32.21274160803772,0.0,127.84166666666667,120.0,3.0790120564995407,2.6779050057298447e-05,140,15.0,0,0.0,,,HPA-45-r1,flash,108,6.0
445.0,23.046187094670543,0.0,127.75277777777778,120.0,3.0549999999999997,4.66218081206492e-06,165,130.0,0,0.0,,,HPA-45-r1,flash,109,6.0
765.0,53.261285600188955,0.0,120.22638888888889,120.0,6.055,9.211779701915768e-06,110,80.0,0,0.0,,,HPA-45-r1,flash,110,6.0
785.0,38.27162033701399,0.0,125.61944444444444,120.0,4.726634601020996,2.864053671005627e-05,109,465.0,0,0.0,,,HPA-45-r1,flash,111,6.0
805.0,48.60556659748316,0.0,121.18194444444444,120.0,6.074999999999999,9.005192237271538e-06,128,115.0,0,0.0,,,HPA-45-r1,flash,112,6.0
825.0,47.61975326338855,0.0,128.5236111111111,120.0,4.314130308784339,4.916871763541569e-06,150,525.0,0,0.0,,,HPA-45-r1,flash,113,6.0
650.0,38.442568597633844,0.0,127.66805555555555,120.0,6.0649999999999995,4.122232910898711e-06,142,505.0,0,0.0,,,HPA-45-r1,flash,114,6.0
725.0,38.631424444087024,0.0,126.39166666666667,120.0,4.832153984615095,7.052043044612347e-06,159,260.0,0,0.0,,,HPA-45-r1,flash,115,6.0
620.0,44.91103898100853,0.0,121.38333333333334,120.0,6.074999999999999,2.0249669298183353e-06,129,50.0,0,0.0,,,HPA-45-r1,flash,116,6.0
280.0,16.377713985291585,0.0,126.24861111111112,120.0,0.07500000000000007,6.815562438099224e-06,147,140.0,0,0.0,,,HPA-45-r1,flash,117,6.0
805.0,47.264682186107535,0.0,122.16388888888889,120.0,6.055,2.764335438499658e-06,127,215.0,0,0.0,,,HPA-45-r1,flash,118,6.0
615.0,39.49138220609344,0.0,126.31805555555556,120.0,5.921578845808098,8.004267255030127e-06,166,470.0,0,0.0,,,HPA-45-r1,flash,119,6.0
280.0,16.15048732417329,0.0,148.93333333333334,120.0,0.075,0.029599636988313093,203,15.0,0,0.0,,,PredHPA-r1,flash,100,6.0
230.0,16.08569813027977,0.0,147.95,120.0,0.07500000000000015,0.0024342407048881117,193,160.0,0,0.0,,,PredHPA-r1,flash,101,6.0
110.0,4.552280913349172,0.0,152.32222222222222,120.0,0.075,0.033758564049678134,183,10.0,0,0.0,,,PredHPA-r1,flash,102,6.0
590.0,29.956837573587826,0.0,141.85,120.0,3.0749999999999997,0.00011941572095881017,147,365.0,0,0.0,,,PredHPA-r1,flash,103,6.0
455.0,26.200063008866348,0.0,129.93472222222223,120.0,1.6607734897053352,0.029223921812303096,147,70.0,0,0.0,,,PredHPA-r1,flash,104,6.0
130.0,6.245527258191097,0.0,150.84166666666667,120.0,0.075,0.03475422116945368,131,10.0,0,0.0,,,PredHPA-r1,flash,105,6.0
680.0,39.463930426805796,0.0,149.60555555555555,120.0,5.523262222593016,7.0105207326539605e-06,184,180.0,0,0.0,,,PredHPA-r1,flash,106,6.0
385.0,25.465885519631993,0.0,144.18333333333334,120.0,3.0549999999999997,7.688565905550873e-06,186,185.0,0,0.0,,,PredHPA-r1,flash,107,6.0
105.0,2.408712255739476,0.0,151.40277777777777,120.0,0.075,0.15090099680898553,172,10.0,0,0.0,,,PredHPA-r1,flash,108,6.0
160.0,7.4236586144896695,0.0,142.79722222222222,120.0,0.075,7.239746165778567e-05,153,140.0,0,0.0,,,PredHPA-r1,flash,109,6.0
760.0,52.886324312354226,0.0,130.69722222222222,120.0,7.5859438729621695,1.1893413018156095e-05,152,75.0,0,0.0,,,PredHPA-r1,flash,110,6.0
75.0,2.3995185296762034,0.0,149.50555555555556,120.0,0.075,0.11600948587519383,140,60.0,0,0.0,,,PredHPA-r1,flash,111,6.0
260.0,16.094854706318095,0.0,149.22916666666666,120.0,0.075,0.029052260240579345,192,10.0,0,0.0,,,PredHPA-r1,flash,112,6.0
805.0,46.44903621684941,0.0,150.19583333333333,120.0,5.638885516530115,0.0005032112384612395,188,510.0,0,0.0,,,PredHPA-r1,flash,113,6.0
500.0,27.585632711603193,0.0,151.19305555555556,120.0,3.0549999999999997,1.0906643941350235e-05,150,185.0,0,0.0,,,PredHPA-r1,flash,114,6.0
605.0,29.95919914077859,0.0,142.55694444444444,120.0,3.0549999999999997,0.001082835030746072,172,30.0,0,0.0,,,PredHPA-r1,flash,115,6.0
605.0,44.43516602306641,0.0,131.42777777777778,120.0,6.055000000000001,1.3596150926572213e-05,168,45.0,0,0.0,,,PredHPA-r1,flash,116,6.0
450.0,26.34441917527387,0.0,152.16666666666666,120.0,3.0555573382840997,1.6865077498314375e-05,161,115.0,0,0.0,,,PredHPA-r1,flash,117,6.0
400.0,21.859367097347114,0.0,148.5861111111111,120.0,1.2912228492648123,1.4046809250856065e-05,177,200.0,0,0.0,,,PredHPA-r1,flash,118,6.0
400.0,25.866155581724758,0.0,147.31666666666666,120.0,2.770602428442683,1.9055535875466305e-05,196,200.0,0,0.0,,,PredHPA-r1,flash,119,6.0
350.0,20.487999124335133,0.0,132.70277777777778,120.0,0.42808978943642295,0.0002674570501762866,872,5.0,9,0.0,,,ARC,flash,100,6.0
160.0,12.070308180466672,0.0,121.60972222222222,120.0,0.075,9.644618437912417e-05,909,65.0,10,0.0,,,ARC,flash,101,6.0
190.0,9.792283563290749,0.0,130.55277777777778,120.0,0.075,0.03202327645203252,962,15.0,10,0.0,,,ARC,flash,102,6.0
75.0,1.5543533672484178,0.0,122.1763888888889,120.0,0.075,0.014701796215841473,938,35.0,10,0.0,,,ARC,flash,103,6.0
165.0,10.45279402012036,0.0,106.25416666666666,120.0,0.075,0.0002496433258647955,690,15.0,9,0.0,,,ARC,flash,104,6.0
140.0,5.041910144167872,0.0,129.73055555555555,120.0,0.075,0.038678721584710904,926,15.0,10,0.0,,,ARC,flash,105,6.0
320.0,15.923144152366708,0.0,123.31111111111112,120.0,0.264987220254688,0.0015997990957744557,902,40.0,9,5.0,,,ARC,flash,106,6.0
485.0,31.187428775872995,0.0,126.19166666666666,120.0,3.4214725997499347,7.410249532764753e-05,968,435.0,10,0.0,,,ARC,flash,107,6.0
130.0,3.9367355242736046,0.0,128.99583333333334,120.0,0.075,0.05727116749273721,928,15.0,9,0.0,,,ARC,flash,108,6.0
145.0,5.250329846702972,0.0,121.87361111111112,120.0,0.075,0.0007050360816660773,968,85.0,9,0.0,,,ARC,flash,109,6.0
625.0,37.32845497723475,0.0,118.94166666666666,120.0,2.71448805559835,8.86952171958013e-05,667,45.0,9,0.0,,,ARC,flash,110,6.0
85.0,2.710812112383665,0.0,124.88333333333334,120.0,0.075,0.006410911415515034,874,20.0,10,0.0,,,ARC,flash,111,6.0
435.0,25.126247642662904,0.0,121.47361111111111,120.0,1.572256668628034,0.00035269626510169765,879,15.0,9,0.0,,,ARC,flash,112,6.0
90.0,2.723051812899413,0.0,133.7902777777778,120.0,0.075,0.0009658840320898751,931,30.0,10,0.0,,,ARC,flash,113,6.0
350.0,20.554793121178015,0.0,130.60972222222222,120.0,0.8368900981907943,0.0006170209705272609,1016,20.0,9,0.0,,,ARC,flash,114,6.0
75.0,2.882722020091355,0.0,121.93194444444444,120.0,0.075,0.00024904601956883635,905,40.0,9,0.0,,,ARC,flash,115,6.0
295.0,16.335988574057737,0.0,114.73194444444445,120.0,0.19845195935463075,0.00015468831239528962,686,40.0,10,35.0,,,ARC,flash,116,6.0
165.0,7.4689719764437505,0.0,128.95416666666668,120.0,0.075,0.009876389776542033,879,20.0,10,0.0,,,ARC,flash,117,6.0
170.0,6.13534431130125,0.0,122.37916666666666,120.0,0.075,0.004476129104101534,895,40.0,10,0.0,,,ARC,flash,118,6.0
110.0,8.010372408288656,0.0,122.15972222222223,120.0,0.075,0.0005883711630749614,990,10.0,10,0.0,,,ARC,flash,119,6.0
0.0,0.0,0.0,94.15416666666667,67.0,0.075,1.0,65,0.0,0,0.0,,,HPA-45-r0,ddos,100,1.0
0.0,0.0,0.0,100.78055555555555,80.0,0.075,1.0,85,0.0,0,0.0,,,HPA-45-r0,ddos,101,1.0
0.0,0.0,0.0,97.60416666666667,62.0,0.075,1.0,63,0.0,0,0.0,,,HPA-45-r0,ddos,102,1.0
0.0,0.0,0.0,96.39305555555555,60.0,0.075,1.0,61,0.0,0,0.0,,,HPA-45-r0,ddos,103,1.0
0.0,0.0,0.0,95.88888888888889,75.0,0.075,1.0,69,0.0,0,0.0,,,HPA-45-r0,ddos,104,1.0
0.0,0.0,0.0,98.00138888888888,63.0,0.075,1.0,58,0.0,0,0.0,,,HPA-45-r0,ddos,105,1.0
0.0,0.0,0.0,93.57638888888889,68.0,0.075,1.0,56,0.0,0,0.0,,,HPA-45-r0,ddos,106,1.0
0.0,0.0,0.0,100.78611111111111,79.0,0.075,1.0,75,0.0,0,0.0,,,HPA-45-r0,ddos,107,1.0
0.0,0.0,0.0,97.9125,60.0,0.075,1.0,61,0.0,0,0.0,,,HPA-45-r0,ddos,108,1.0
0.0,0.0,0.0,97.91111111111111,62.0,0.075,1.0,62,0.0,0,0.0,,,HPA-45-r0,ddos,109,1.0
0.0,0.0,0.0,95.25694444444444,71.0,0.075,1.0,65,0.0,0,0.0,,,HPA-45-r0,ddos,110,1.0
0.0,0.0,0.0,95.08055555555555,62.0,0.075,1.0,45,0.0,0,0.0,,,HPA-45-r0,ddos,111,1.0
0.0,0.0,0.0,93.36527777777778,66.0,0.075,1.0,61,0.0,0,0.0,,,HPA-45-r0,ddos,112,1.0
0.0,0.0,0.0,99.11944444444444,66.0,0.075,1.0,75,0.0,0,0.0,,,HPA-45-r0,ddos,113,1.0
0.0,0.0,0.0,98.99583333333334,62.0,0.075,1.0,68,0.0,0,0.0,,,HPA-45-r0,ddos,114,1.0
0.0,0.0,0.0,96.22083333333333,57.0,0.075,1.0,54,0.0,0,0.0,,,HPA-45-r0,ddos,115,1.0
0.0,0.0,0.0,95.0125,72.0,0.075,1.0,72,0.0,0,0.0,,,HPA-45-r0,ddos,116,1.0
0.0,0.0,0.0,98.36805555555556,70.0,0.075,1.0,55,0.0,0,0.0,,,HPA-45-r0,ddos,117,1.0
0.0,0.0,0.0,93.33888888888889,67.0,0.075,1.0,54,0.0,0,0.0,,,HPA-45-r0,ddos,118,1.0
0.0,0.0,0.0,102.25416666666666,81.0,0.075,1.0,89,0.0,0,0.0,,,HPA-45-r0,ddos,119,1.0
0.0,0.0,0.0,94.15416666666667,67.0,0.075,1.0,65,0.0,0,0.0,,,HPA-45-r1,ddos,100,1.0
0.0,0.0,0.0,100.78055555555555,80.0,0.075,1.0,85,0.0,0,0.0,,,HPA-45-r1,ddos,101,1.0
0.0,0.0,0.0,98.40138888888889,65.0,0.075,1.0,70,0.0,0,0.0,,,HPA-45-r1,ddos,102,1.0
0.0,0.0,0.0,96.0125,59.0,0.075,1.0,55,0.0,0,0.0,,,HPA-45-r1,ddos,103,1.0
0.0,0.0,0.0,95.88888888888889,75.0,0.075,1.0,69,0.0,0,0.0,,,HPA-45-r1,ddos,104,1.0
0.0,0.0,0.0,98.00138888888888,63.0,0.075,1.0,58,0.0,0,0.0,,,HPA-45-r1,ddos,105,1.0
0.0,0.0,0.0,93.57638888888889,68.0,0.075,1.0,56,0.0,0,0.0,,,HPA-45-r1,ddos,106,1.0
0.0,0.0,0.0,100.78611111111111,79.0,0.075,1.0,75,0.0,0,0.0,,,HPA-45-r1,ddos,107,1.0
0.0,0.0,0.0,97.9125,60.0,0.075,1.0,61,0.0,0,0.0,,,HPA-45-r1,ddos,108,1.0
0.0,0.0,0.0,98.24027777777778,63.0,0.075,1.0,68,0.0,0,0.0,,,HPA-45-r1,ddos,109,1.0
0.0,0.0,0.0,95.25694444444444,71.0,0.075,1.0,65,0.0,0,0.0,,,HPA-45-r1,ddos,110,1.0
0.0,0.0,0.0,95.08055555555555,62.0,0.075,1.0,45,0.0,0,0.0,,,HPA-45-r1,ddos,111,1.0
0.0,0.0,0.0,93.36527777777778,66.0,0.075,1.0,61,0.0,0,0.0,,,HPA-45-r1,ddos,112,1.0
0.0,0.0,0.0,99.11944444444444,66.0,0.075,1.0,75,0.0,0,0.0,,,HPA-45-r1,ddos,113,1.0
0.0,0.0,0.0,100.21527777777777,66.0,0.075,1.0,78,0.0,0,0.0,,,HPA-45-r1,ddos,114,1.0
0.0,0.0,0.0,96.22083333333333,57.0,0.075,1.0,54,0.0,0,0.0,,,HPA-45-r1,ddos,115,1.0
0.0,0.0,0.0,95.0125,72.0,0.075,1.0,72,0.0,0,0.0,,,HPA-45-r1,ddos,116,1.0
0.0,0.0,0.0,98.36805555555556,70.0,0.075,1.0,55,0.0,0,0.0,,,HPA-45-r1,ddos,117,1.0
0.0,0.0,0.0,93.33888888888889,67.0,0.075,1.0,54,0.0,0,0.0,,,HPA-45-r1,ddos,118,1.0
0.0,0.0,0.0,102.25416666666666,81.0,0.075,1.0,89,0.0,0,0.0,,,HPA-45-r1,ddos,119,1.0
0.0,0.0,0.0,126.30833333333334,85.0,0.075,1.0,124,0.0,0,0.0,,,PredHPA-r1,ddos,100,1.0
0.0,0.0,0.0,134.89583333333334,114.0,0.075,1.0,141,0.0,0,0.0,,,PredHPA-r1,ddos,101,1.0
0.0,0.0,0.0,133.53194444444443,89.0,0.075,1.0,94,0.0,0,0.0,,,PredHPA-r1,ddos,102,1.0
0.0,0.0,0.0,114.74583333333334,66.0,0.075,1.0,65,0.0,0,0.0,,,PredHPA-r1,ddos,103,1.0
0.0,0.0,0.0,109.61111111111111,94.0,0.075,1.0,105,0.0,0,0.0,,,PredHPA-r1,ddos,104,1.0
0.0,0.0,0.0,124.02777777777777,94.0,0.075,1.0,70,0.0,0,0.0,,,PredHPA-r1,ddos,105,1.0
0.0,0.0,0.0,127.14722222222223,84.0,0.075,1.0,110,0.0,0,0.0,,,PredHPA-r1,ddos,106,1.0
0.0,0.0,0.0,133.96805555555557,120.0,0.075,1.0,142,0.0,0,0.0,,,PredHPA-r1,ddos,107,1.0
0.0,0.0,0.0,132.13333333333333,88.0,0.075,1.0,107,0.0,0,0.0,,,PredHPA-r1,ddos,108,1.0
0.0,0.0,0.0,116.62638888888888,70.0,0.075,1.0,74,0.0,0,0.0,,,PredHPA-r1,ddos,109,1.0
0.0,0.0,0.0,112.45277777777778,100.0,0.075,1.0,107,0.0,0,0.0,,,PredHPA-r1,ddos,110,1.0
0.0,0.0,0.0,124.54583333333333,91.0,0.075,1.0,72,0.0,0,0.0,,,PredHPA-r1,ddos,111,1.0
0.0,0.0,0.0,126.34444444444445,86.0,0.075,1.0,115,0.0,0,0.0,,,PredHPA-r1,ddos,112,1.0
0.0,0.0,0.0,132.15972222222223,107.0,0.075,1.0,118,0.0,0,0.0,,,PredHPA-r1,ddos,113,1.0
0.0,0.0,0.0,133.56666666666666,90.0,0.075,1.0,102,0.0,0,0.0,,,PredHPA-r1,ddos,114,1.0
0.0,0.0,0.0,116.80277777777778,70.0,0.075,1.0,68,0.0,0,0.0,,,PredHPA-r1,ddos,115,1.0
0.0,0.0,0.0,112.6125,99.0,0.075,1.0,101,0.0,0,0.0,,,PredHPA-r1,ddos,116,1.0
0.0,0.0,0.0,128.00416666666666,94.0,0.075,1.0,74,0.0,0,0.0,,,PredHPA-r1,ddos,117,1.0
0.0,0.0,0.0,127.28333333333333,83.0,0.075,1.0,110,0.0,0,0.0,,,PredHPA-r1,ddos,118,1.0
0.0,0.0,0.0,135.82638888888889,120.0,0.075,1.0,148,0.0,0,0.0,,,PredHPA-r1,ddos,119,1.0
20.0,0.7988112550508908,0.49437774269260876,109.1,104.0,0.075,0.03503424543233812,768,5.0,9,0.0,15.0,,ARC,ddos,100,1.0
0.0,0.4013179816347079,0.4013179816347117,103.60277777777777,109.0,0.075,0.9699999999999999,830,0.0,10,0.0,20.0,,ARC,ddos,101,1.0
0.0,0.355206581562828,0.3552065815628361,108.47222222222223,92.0,0.075,0.9699999999999999,862,0.0,10,0.0,10.0,,ARC,ddos,102,1.0
0.0,0.4053395805403315,0.4053395805403391,101.92361111111111,72.0,0.075,0.9699999999999999,775,0.0,9,0.0,15.0,,ARC,ddos,103,1.0
0.0,0.5266461107553466,0.52664611075535,89.78611111111111,93.0,0.075,0.9699999999999999,610,0.0,9,0.0,5.0,,ARC,ddos,104,1.0
0.0,0.4011750580911855,0.4011750580911843,106.0111111111111,103.0,0.075,0.9699999999999999,800,0.0,10,0.0,10.0,,ARC,ddos,105,1.0
40.0,0.981021456631026,0.4745679488042833,99.51805555555555,85.0,0.075,0.03714861525461605,785,0.0,10,0.0,20.0,,ARC,ddos,106,1.0
0.0,0.4109192338553447,0.4109192338553628,107.50833333333334,120.0,0.075,0.9699999999999999,917,0.0,10,0.0,15.0,,ARC,ddos,107,1.0
0.0,0.350878324547943,0.35087832454794127,103.4888888888889,89.0,0.075,0.9699999999999999,825,0.0,10,0.0,20.0,,ARC,ddos,108,1.0
0.0,0.3918646489317279,0.39186464893172823,101.01388888888889,71.0,0.075,0.9699999999999999,813,0.0,9,0.0,15.0,,ARC,ddos,109,1.0
0.0,0.5360476660452362,0.5360476660452465,90.74861111111112,96.0,0.075,0.9699999999999999,559,0.0,10,0.0,10.0,,ARC,ddos,110,1.0
0.0,0.3750196557102403,0.36928313403933344,104.8875,100.0,0.075,0.969684950330274,736,0.0,10,0.0,20.0,,ARC,ddos,111,1.0
50.0,1.1919802725499418,0.488146225668377,96.86666666666666,90.0,0.075,0.05892608616192733,747,15.0,10,0.0,20.0,,ARC,ddos,112,1.0
0.0,0.4714478557498514,0.4714478557498489,109.75,120.0,0.075,0.9699999999999999,848,0.0,10,0.0,10.0,,ARC,ddos,113,1.0
0.0,0.3692763982091618,0.3692763982091624,114.97638888888889,95.0,0.075,0.9699999999999999,944,0.0,10,0.0,15.0,,ARC,ddos,114,1.0
0.0,0.39305330020686924,0.3930533002068652,99.87361111111112,73.0,0.075,0.9699999999999999,750,0.0,9,0.0,10.0,,ARC,ddos,115,1.0
0.0,0.5028140552789329,0.5028140552789364,93.06527777777778,94.0,0.075,0.9699999999999999,567,0.0,11,0.0,15.0,,ARC,ddos,116,1.0
0.0,0.3827820846467156,0.38278208464671626,108.25555555555556,103.0,0.075,0.9699999999999999,743,0.0,10,0.0,20.0,,ARC,ddos,117,1.0
20.0,0.6602952131654072,0.4753138550919998,106.90277777777777,93.0,0.075,0.08249227399765922,782,0.0,10,0.0,5.0,,ARC,ddos,118,1.0
0.0,0.4163109569732426,0.4163109569732374,102.96388888888889,116.0,0.075,0.9699999999999999,810,0.0,10,0.0,10.0,,ARC,ddos,119,1.0
0.0,0.0,0.0,99.45833333333333,78.0,0.075,1.0,75,0.0,0,0.0,,,HPA-45-r0,ddos,100,2.0
0.0,0.0,0.0,107.82777777777778,92.0,0.075,1.0,97,0.0,0,0.0,,,HPA-45-r0,ddos,101,2.0
0.0,0.0,0.0,103.4486111111111,75.0,0.075,1.0,84,0.0,0,0.0,,,HPA-45-r0,ddos,102,2.0
0.0,0.0,0.0,103.10138888888889,73.0,0.075,1.0,75,0.0,0,0.0,,,HPA-45-r0,ddos,103,2.0
0.0,0.0,0.0,101.52361111111111,86.0,0.075,1.0,78,0.0,0,0.0,,,HPA-45-r0,ddos,104,2.0
0.0,0.0,0.0,105.2,79.0,0.075,1.0,73,0.0,0,0.0,,,HPA-45-r0,ddos,105,2.0
0.0,0.0,0.0,100.73333333333333,81.0,0.075,1.0,61,0.0,0,0.0,,,HPA-45-r0,ddos,106,2.0
0.0,0.0,0.0,106.21527777777777,86.0,0.075,1.0,85,0.0,0,0.0,,,HPA-45-r0,ddos,107,2.0
0.0,0.0,0.0,103.1375,73.0,0.075,1.0,79,0.0,0,0.0,,,HPA-45-r0,ddos,108,2.0
0.0,0.0,0.0,106.68194444444444,87.0,0.075,1.0,92,0.0,0,0.0,,,HPA-45-r0,ddos,109,2.0
0.0,0.0,0.0,102.15277777777777,87.0,0.075,1.0,80,0.0,0,0.0,,,HPA-45-r0,ddos,110,2.0
0.0,0.0,0.0,102.28472222222223,73.0,0.075,1.0,54,0.0,0,0.0,,,HPA-45-r0,ddos,111,2.0
0.0,0.0,0.0,100.23472222222222,80.0,0.075,1.0,76,0.0,0,0.0,,,HPA-45-r0,ddos,112,2.0
0.0,0.005656235019990685,0.0,105.4,76.0,0.075,0.9620740748173873,78,0.0,0,0.0,,,HPA-45-r0,ddos,113,2.0
0.0,0.0,0.0,107.79444444444445,85.0,0.075,1.0,91,0.0,0,0.0,,,HPA-45-r0,ddos,114,2.0
0.0,0.0,0.0,104.81388888888888,77.0,0.075,1.0,81,0.0,0,0.0,,,HPA-45-r0,ddos,115,2.0
0.0,0.0,0.0,101.4875,84.0,0.075,1.0,79,0.0,0,0.0,,,HPA-45-r0,ddos,116,2.0
0.0,0.0,0.0,106.16111111111111,85.0,0.075,1.0,83,0.0,0,0.0,,,HPA-45-r0,ddos,117,2.0
0.0,0.0,0.0,99.94444444444444,78.0,0.075,1.0,67,0.0,0,0.0,,,HPA-45-r0,ddos,118,2.0
0.0,0.0,0.0,108.50138888888888,94.0,0.075,1.0,104,0.0,0,0.0,,,HPA-45-r0,ddos,119,2.0
0.0,0.0,0.0,99.45833333333333,78.0,0.075,1.0,75,0.0,0,0.0,,,HPA-45-r1,ddos,100,2.0
0.0,0.0,0.0,107.82777777777778,92.0,0.075,1.0,97,0.0,0,0.0,,,HPA-45-r1,ddos,101,2.0
0.0,0.0,0.0,105.25,77.0,0.075,1.0,83,0.0,0,0.0,,,HPA-45-r1,ddos,102,2.0
0.0,0.0,0.0,102.96805555555555,74.0,0.075,1.0,70,0.0,0,0.0,,,HPA-45-r1,ddos,103,2.0
0.0,0.0,0.0,101.52361111111111,86.0,0.075,1.0,78,0.0,0,0.0,,,HPA-45-r1,ddos,104,2.0
0.0,0.0,0.0,105.2,79.0,0.075,1.0,73,0.0,0,0.0,,,HPA-45-r1,ddos,105,2.0
0.0,0.0,0.0,100.73333333333333,81.0,0.075,1.0,61,0.0,0,0.0,,,HPA-45-r1,ddos,106,2.0
0.0,0.0,0.0,106.21527777777777,86.0,0.075,1.0,85,0.0,0,0.0,,,HPA-45-r1,ddos,107,2.0
0.0,0.0,0.0,103.1375,73.0,0.075,1.0,79,0.0,0,0.0,,,HPA-45-r1,ddos,108,2.0
0.0,0.0,0.0,107.51388888888889,86.0,0.075,1.0,96,0.0,0,0.0,,,HPA-45-r1,ddos,109,2.0
0.0,0.0,0.0,102.15277777777777,87.0,0.075,1.0,80,0.0,0,0.0,,,HPA-45-r1,ddos,110,2.0
0.0,0.0,0.0,102.28472222222223,73.0,0.075,1.0,54,0.0,0,0.0,,,HPA-45-r1,ddos,111,2.0
0.0,0.0,0.0,100.23472222222222,80.0,0.075,1.0,76,0.0,0,0.0,,,HPA-45-r1,ddos,112,2.0
0.0,0.005762024677580246,0.0,105.4,76.0,0.075,0.9620740748173873,78,0.0,0,0.0,,,HPA-45-r1,ddos,113,2.0
0.0,0.0,0.0,107.19305555555556,82.0,0.075,1.0,90,0.0,0,0.0,,,HPA-45-r1,ddos,114,2.0
0.0,0.0,0.0,104.81388888888888,77.0,0.075,1.0,81,0.0,0,0.0,,,HPA-45-r1,ddos,115,2.0
0.0,0.0,0.0,101.4875,84.0,0.075,1.0,79,0.0,0,0.0,,,HPA-45-r1,ddos,116,2.0
0.0,0.0,0.0,106.16111111111111,85.0,0.075,1.0,83,0.0,0,0.0,,,HPA-45-r1,ddos,117,2.0
0.0,0.0,0.0,99.94444444444444,78.0,0.075,1.0,67,0.0,0,0.0,,,HPA-45-r1,ddos,118,2.0
0.0,0.0,0.0,108.50138888888888,94.0,0.075,1.0,104,0.0,0,0.0,,,HPA-45-r1,ddos,119,2.0
0.0,0.0,0.0,130.5125,87.0,0.075,1.0,135,0.0,0,0.0,,,PredHPA-r1,ddos,100,2.0
0.0,0.0,0.0,138.5611111111111,120.0,0.075,1.0,138,0.0,0,0.0,,,PredHPA-r1,ddos,101,2.0
0.0,0.0,0.0,138.81944444444446,98.0,0.075,1.0,95,0.0,0,0.0,,,PredHPA-r1,ddos,102,2.0
0.0,0.0,0.0,121.00972222222222,78.0,0.075,1.0,75,0.0,0,0.0,,,PredHPA-r1,ddos,103,2.0
0.0,0.0,0.0,114.85694444444445,104.0,0.075,1.0,111,0.0,0,0.0,,,PredHPA-r1,ddos,104,2.0
0.0,0.0,0.0,128.7736111111111,95.0,0.075,1.0,86,0.0,0,0.0,,,PredHPA-r1,ddos,105,2.0
0.0,0.0,0.0,132.43055555555554,87.0,0.075,1.0,110,0.0,0,0.0,,,PredHPA-r1,ddos,106,2.0
0.0,0.0,0.0,135.83333333333334,120.0,0.075,1.0,138,0.0,0,0.0,,,PredHPA-r1,ddos,107,2.0
0.0,0.0,0.0,135.77916666666667,98.0,0.075,1.0,109,0.0,0,0.0,,,PredHPA-r1,ddos,108,2.0
0.0,0.0,0.0,123.62083333333334,90.0,0.075,1.0,94,0.0,0,0.0,,,PredHPA-r1,ddos,109,2.0
0.0,0.0,0.0,118.39444444444445,113.0,0.075,1.0,122,0.0,0,0.0,,,PredHPA-r1,ddos,110,2.0
0.0,0.0,0.0,129.275,93.0,0.075,1.0,68,0.0,0,0.0,,,PredHPA-r1,ddos,111,2.0
0.0,0.0,0.0,131.4013888888889,88.0,0.075,1.0,121,0.0,0,0.0,,,PredHPA-r1,ddos,112,2.0
0.0,0.0,0.0,136.8375,108.0,0.075,1.0,119,0.0,0,0.0,,,PredHPA-r1,ddos,113,2.0
0.0,0.0,0.0,139.20694444444445,101.0,0.075,1.0,116,0.0,0,0.0,,,PredHPA-r1,ddos,114,2.0
0.0,0.0,0.0,123.2,88.0,0.075,1.0,80,0.0,0,0.0,,,PredHPA-r1,ddos,115,2.0
0.0,0.0,0.0,119.14027777777778,112.0,0.075,1.0,111,0.0,0,0.0,,,PredHPA-r1,ddos,116,2.0
0.0,0.0,0.0,132.6625,95.0,0.075,1.0,88,0.0,0,0.0,,,PredHPA-r1,ddos,117,2.0
0.0,0.0,0.0,132.69444444444446,93.0,0.075,1.0,107,0.0,0,0.0,,,PredHPA-r1,ddos,118,2.0
0.0,0.0,0.0,137.77777777777777,120.0,0.075,1.0,156,0.0,0,0.0,,,PredHPA-r1,ddos,119,2.0
20.0,0.7106211465565226,0.5000131216609909,108.38472222222222,97.0,0.075,0.060195463937600245,737,10.0,9,0.0,10.0,,ARC,ddos,100,2.0
0.0,0.41562367656957644,0.4156236765695708,103.43194444444444,106.0,0.075,0.9699999999999999,830,0.0,10,0.0,10.0,,ARC,ddos,101,2.0
0.0,0.3567515737353366,0.3567515737353467,109.11527777777778,96.0,0.075,0.9699999999999999,859,0.0,10,0.0,10.0,,ARC,ddos,102,2.0
0.0,0.40824789081191915,0.40824789081192886,102.56666666666666,72.0,0.075,0.9699999999999999,776,0.0,10,0.0,10.0,,ARC,ddos,103,2.0
0.0,0.5295789941842877,0.529578994184279,89.87777777777778,96.0,0.075,0.9699999999999999,585,0.0,9,0.0,5.0,,ARC,ddos,104,2.0
0.0,0.4033082448582248,0.40330824485822236,106.45972222222223,103.0,0.075,0.9699999999999999,785,0.0,10,0.0,10.0,,ARC,ddos,105,2.0
30.0,0.8156845453574868,0.4902883876278236,99.95972222222223,86.0,0.075,0.26243066272714044,757,0.0,10,0.0,5.0,,ARC,ddos,106,2.0
0.0,0.4193827016035545,0.4193827016035613,107.60694444444445,119.0,0.075,0.9699999999999999,908,0.0,10,0.0,5.0,,ARC,ddos,107,2.0
0.0,0.3533627479790913,0.35336274797910316,104.0125,87.0,0.075,0.9699999999999999,816,0.0,10,0.0,15.0,,ARC,ddos,108,2.0
0.0,0.3961424131843083,0.3961424131843053,101.43472222222222,72.0,0.075,0.9699999999999999,789,0.0,9,0.0,10.0,,ARC,ddos,109,2.0
0.0,0.5360476660452362,0.5360476660452465,91.20277777777778,101.0,0.075,0.9699999999999999,572,0.0,10,0.0,10.0,,ARC,ddos,110,2.0
0.0,0.38056902710337237,0.3748325054324536,104.92777777777778,96.0,0.075,0.969684950330274,735,0.0,10,0.0,10.0,,ARC,ddos,111,2.0
45.0,1.1518744347550292,0.5028011425144994,97.81944444444444,88.0,0.075,0.0758492364743078,764,15.0,10,0.0,5.0,,ARC,ddos,112,2.0
0.0,0.4760906336210735,0.4760906336210649,110.74722222222222,120.0,0.075,0.9699999999999999,844,0.0,10,0.0,5.0,,ARC,ddos,113,2.0
0.0,0.3765967173094853,0.3765967173094732,114.8638888888889,95.0,0.075,0.9699999999999999,916,0.0,10,0.0,5.0,,ARC,ddos,114,2.0
0.0,0.3959004294173507,0.3959004294173502,100.08333333333333,71.0,0.075,0.9699999999999999,747,0.0,9,0.0,10.0,,ARC,ddos,115,2.0
0.0,0.508191409225478,0.5081914092254863,93.45416666666667,102.0,0.075,0.9699999999999999,559,0.0,11,0.0,10.0,,ARC,ddos,116,2.0
0.0,0.3888445948690755,0.38884459486908063,108.92916666666666,103.0,0.075,0.9699999999999999,747,0.0,10,0.0,10.0,,ARC,ddos,117,2.0
10.0,0.5077136092178969,0.48275762354056884,106.79861111111111,90.0,0.075,0.8894527229576236,760,0.0,10,0.0,5.0,,ARC,ddos,118,2.0
0.0,0.4163109569732426,0.4163109569732374,103.65555555555555,119.0,0.075,0.9699999999999999,824,0.0,10,0.0,10.0,,ARC,ddos,119,2.0
0.0,0.0,0.0,106.00138888888888,91.0,0.075,1.0,82,0.0,0,0.0,,,HPA-45-r0,ddos,100,3.0
5.0,0.015328054162588867,0.0,113.55,99.0,0.075,0.942186649339492,102,5.0,0,0.0,,,HPA-45-r0,ddos,101,3.0
0.0,0.0,0.0,114.30833333333334,100.0,0.075,1.0,100,0.0,0,0.0,,,HPA-45-r0,ddos,102,3.0
0.0,0.0021702333737438906,0.0,112.96805555555555,96.0,0.075,0.9808079297977095,101,0.0,0,0.0,,,HPA-45-r0,ddos,103,3.0
0.0,0.0,0.0,108.725,104.0,0.075,1.0,96,0.0,0,0.0,,,HPA-45-r0,ddos,104,3.0
0.0,0.0,0.0,111.40972222222223,88.0,0.075,1.0,87,0.0,0,0.0,,,HPA-45-r0,ddos,105,3.0
5.0,0.0064081047459474405,0.0,107.2388888888889,94.0,0.075,0.946811836898268,65,5.0,0,0.0,,,HPA-45-r0,ddos,106,3.0
0.0,0.0,0.0,114.3875,103.0,0.075,1.0,103,0.0,0,0.0,,,HPA-45-r0,ddos,107,3.0
0.0,0.0,0.0,111.55555555555556,90.0,0.075,1.0,90,0.0,0,0.0,,,HPA-45-r0,ddos,108,3.0
0.0,0.0021074868035930727,0.0,116.28472222222223,110.0,0.075,0.9841888373213579,98,0.0,0,0.0,,,HPA-45-r0,ddos,109,3.0
0.0,0.0,0.0,108.40972222222223,99.0,0.075,1.0,86,0.0,0,0.0,,,HPA-45-r0,ddos,110,3.0
0.0,0.0,0.0,112.36944444444444,96.0,0.075,1.0,73,0.0,0,0.0,,,HPA-45-r0,ddos,111,3.0
0.0,0.0,0.0,107.32916666666667,93.0,0.075,1.0,82,0.0,0,0.0,,,HPA-45-r0,ddos,112,3.0
25.0,0.1979977146637335,0.0,112.82777777777778,94.0,0.075,0.3404535539663584,96,25.0,0,0.0,,,HPA-45-r0,ddos,113,3.0
0.0,0.0,0.0,115.81388888888888,103.0,0.075,1.0,96,0.0,0,0.0,,,HPA-45-r0,ddos,114,3.0
0.0,0.0010196108732540843,0.0,115.13194444444444,106.0,0.075,0.9907945352573739,104,0.0,0,0.0,,,HPA-45-r0,ddos,115,3.0
0.0,0.0,0.0,110.05416666666666,103.0,0.075,1.0,93,0.0,0,0.0,,,HPA-45-r0,ddos,116,3.0
0.0,0.0,0.0,116.51388888888889,111.0,0.075,1.0,98,0.0,0,0.0,,,HPA-45-r0,ddos,117,3.0
10.0,0.02059525417377195,0.0,110.25138888888888,103.0,0.075,0.9358620489308465,81,5.0,0,0.0,,,HPA-45-r0,ddos,118,3.0
0.0,0.0,0.0,113.85138888888889,103.0,0.075,1.0,120,0.0,0,0.0,,,HPA-45-r0,ddos,119,3.0
0.0,0.0,0.0,106.00138888888888,91.0,0.075,1.0,82,0.0,0,0.0,,,HPA-45-r1,ddos,100,3.0
5.0,0.015328054162588867,0.0,114.86666666666666,103.0,0.075,0.942186649339492,102,5.0,0,0.0,,,HPA-45-r1,ddos,101,3.0
0.0,0.0,0.0,115.35277777777777,98.0,0.075,1.0,97,0.0,0,0.0,,,HPA-45-r1,ddos,102,3.0
0.0,0.0025886625239501804,0.0,112.13472222222222,93.0,0.075,0.9808079297977095,91,0.0,0,0.0,,,HPA-45-r1,ddos,103,3.0
0.0,0.0,0.0,108.725,104.0,0.075,1.0,96,0.0,0,0.0,,,HPA-45-r1,ddos,104,3.0
0.0,0.0,0.0,111.40972222222223,88.0,0.075,1.0,87,0.0,0,0.0,,,HPA-45-r1,ddos,105,3.0
5.0,0.008213463967965406,0.0,107.24305555555556,94.0,0.075,0.946811836898268,66,5.0,0,0.0,,,HPA-45-r1,ddos,106,3.0
0.0,0.0,0.0,114.39583333333333,103.0,0.075,1.0,103,0.0,0,0.0,,,HPA-45-r1,ddos,107,3.0
0.0,0.0,0.0,111.55555555555556,90.0,0.075,1.0,90,0.0,0,0.0,,,HPA-45-r1,ddos,108,3.0
10.0,0.019760199287943703,0.0,118.01944444444445,114.0,0.075,0.8946549917039287,109,10.0,0,0.0,,,HPA-45-r1,ddos,109,3.0
0.0,0.0,0.0,108.40972222222223,99.0,0.075,1.0,86,0.0,0,0.0,,,HPA-45-r1,ddos,110,3.0
0.0,0.0,0.0,112.36944444444444,96.0,0.075,1.0,73,0.0,0,0.0,,,HPA-45-r1,ddos,111,3.0
0.0,0.0,0.0,107.32916666666667,93.0,0.075,1.0,82,0.0,0,0.0,,,HPA-45-r1,ddos,112,3.0
30.0,0.3533413726387602,0.0,118.07777777777778,114.0,0.075,0.03526066176887533,105,30.0,0,0.0,,,HPA-45-r1,ddos,113,3.0
0.0,0.0,0.0,115.51944444444445,104.0,0.075,1.0,107,0.0,0,0.0,,,HPA-45-r1,ddos,114,3.0
0.0,0.0010196108732540843,0.0,115.13194444444444,106.0,0.075,0.9907945352573739,104,0.0,0,0.0,,,HPA-45-r1,ddos,115,3.0
0.0,0.0,0.0,110.05416666666666,103.0,0.075,1.0,93,0.0,0,0.0,,,HPA-45-r1,ddos,116,3.0
0.0,0.0,0.0,116.51388888888889,111.0,0.075,1.0,98,0.0,0,0.0,,,HPA-45-r1,ddos,117,3.0
40.0,0.3661337407658172,0.0,113.18333333333334,115.0,0.075,0.05228940430743795,86,40.0,0,0.0,,,HPA-45-r1,ddos,118,3.0
0.0,0.0,0.0,113.85138888888889,103.0,0.075,1.0,120,0.0,0,0.0,,,HPA-45-r1,ddos,119,3.0
0.0,0.0,0.0,135.70277777777778,97.0,0.075,1.0,129,0.0,0,0.0,,,PredHPA-r1,ddos,100,3.0
0.0,0.0,0.0,141.73194444444445,120.0,0.075,1.0,138,0.0,0,0.0,,,PredHPA-r1,ddos,101,3.0
0.0,0.0,0.0,142.36388888888888,108.0,0.075,1.0,116,0.0,0,0.0,,,PredHPA-r1,ddos,102,3.0
0.0,0.0,0.0,129.1888888888889,101.0,0.075,1.0,90,0.0,0,0.0,,,PredHPA-r1,ddos,103,3.0
0.0,0.0,0.0,121.81527777777778,119.0,0.075,1.0,120,0.0,0,0.0,,,PredHPA-r1,ddos,104,3.0
0.0,0.0,0.0,133.74166666666667,95.0,0.075,1.0,86,0.0,0,0.0,,,PredHPA-r1,ddos,105,3.0
0.0,0.0,0.0,138.18333333333334,100.0,0.075,1.0,119,0.0,0,0.0,,,PredHPA-r1,ddos,106,3.0
0.0,0.0,0.0,139.20833333333334,120.0,0.075,1.0,135,0.0,0,0.0,,,PredHPA-r1,ddos,107,3.0
0.0,0.0,0.0,140.41666666666666,109.0,0.075,1.0,119,0.0,0,0.0,,,PredHPA-r1,ddos,108,3.0
0.0,0.0,0.0,130.69305555555556,110.0,0.075,1.0,108,0.0,0,0.0,,,PredHPA-r1,ddos,109,3.0
0.0,0.0,0.0,122.2611111111111,120.0,0.075,1.0,124,0.0,0,0.0,,,PredHPA-r1,ddos,110,3.0
0.0,0.0,0.0,135.1888888888889,93.0,0.075,1.0,76,0.0,0,0.0,,,PredHPA-r1,ddos,111,3.0
0.0,0.0,0.0,136.98194444444445,98.0,0.075,1.0,118,0.0,0,0.0,,,PredHPA-r1,ddos,112,3.0
0.0,0.0,0.0,140.5875,108.0,0.075,1.0,127,0.0,0,0.0,,,PredHPA-r1,ddos,113,3.0
0.0,0.0,0.0,145.6236111111111,114.0,0.075,1.0,125,0.0,0,0.0,,,PredHPA-r1,ddos,114,3.0
0.0,0.0,0.0,132.29305555555555,115.0,0.075,1.0,103,0.0,0,0.0,,,PredHPA-r1,ddos,115,3.0
0.0,0.0,0.0,124.59166666666667,120.0,0.075,1.0,123,0.0,0,0.0,,,PredHPA-r1,ddos,116,3.0
0.0,0.0,0.0,139.23611111111111,101.0,0.075,1.0,100,0.0,0,0.0,,,PredHPA-r1,ddos,117,3.0
0.0,0.0,0.0,141.01666666666668,115.0,0.075,1.0,133,0.0,0,0.0,,,PredHPA-r1,ddos,118,3.0
0.0,0.0,0.0,139.34583333333333,120.0,0.075,1.0,159,0.0,0,0.0,,,PredHPA-r1,ddos,119,3.0
30.0,0.8747856296140277,0.5000131216609909,110.33333333333333,97.0,0.075,0.060018900825010255,757,15.0,9,0.0,10.0,,ARC,ddos,100,3.0
0.0,0.41562367656957644,0.4156236765695708,104.13333333333334,115.0,0.075,0.9699999999999999,840,0.0,10,0.0,10.0,,ARC,ddos,101,3.0
0.0,0.3602882800171403,0.3602882800171405,108.76666666666667,96.0,0.075,0.9699999999999999,857,0.0,10,0.0,5.0,,ARC,ddos,102,3.0
0.0,0.4099113936791299,0.4099113936791341,103.32638888888889,72.0,0.075,0.9699999999999999,771,0.0,10,0.0,5.0,,ARC,ddos,103,3.0
0.0,0.5295789941842877,0.529578994184279,90.05694444444444,98.0,0.075,0.9699999999999999,571,0.0,9,0.0,5.0,,ARC,ddos,104,3.0
0.0,0.4053906471325086,0.4053906471325042,106.56111111111112,103.0,0.075,0.9699999999999999,792,0.0,10,0.0,5.0,,ARC,ddos,105,3.0
30.0,0.883266298056018,0.493300922665859,100.68888888888888,85.0,0.075,0.03374773071685053,770,0.0,10,0.0,5.0,,ARC,ddos,106,3.0
0.0,0.4211662202198818,0.4211662202198754,108.01388888888889,120.0,0.075,0.9699999999999999,902,0.0,10,0.0,5.0,,ARC,ddos,107,3.0
0.0,0.3595571754260396,0.35955717542603677,103.93194444444444,89.0,0.075,0.9699999999999999,806,0.0,10,0.0,5.0,,ARC,ddos,108,3.0
0.0,0.4008229307756572,0.40082293077565606,102.00972222222222,72.0,0.075,0.9699999999999999,794,0.0,9,0.0,5.0,,ARC,ddos,109,3.0
0.0,0.5387333506389536,0.5387333506389635,91.52361111111111,93.0,0.075,0.9699999999999999,548,0.0,10,0.0,10.0,,ARC,ddos,110,3.0
0.0,0.38709354708257315,0.38135702541166944,105.80694444444444,98.0,0.075,0.969684950330274,739,0.0,10,0.0,5.0,,ARC,ddos,111,3.0
50.0,1.2066351893960658,0.5028011425144994,97.62777777777778,90.0,0.075,0.05892608616192733,741,15.0,10,0.0,5.0,,ARC,ddos,112,3.0
0.0,0.4760906336210735,0.4760906336210649,110.94166666666666,120.0,0.075,0.9699999999999999,842,0.0,10,0.0,5.0,,ARC,ddos,113,3.0
0.0,0.3765967173094853,0.3765967173094732,116.01805555555555,97.0,0.075,0.9699999999999999,932,0.0,10,0.0,5.0,,ARC,ddos,114,3.0
0.0,0.39754199555551706,0.39754199555551173,101.37916666666666,71.0,0.075,0.9699999999999999,781,0.0,9,0.0,5.0,,ARC,ddos,115,3.0
0.0,0.508191409225478,0.5081914092254863,94.5875,104.0,0.075,0.9699999999999999,580,0.0,10,0.0,10.0,,ARC,ddos,116,3.0
0.0,0.3919431673325202,0.3919431673325246,109.15416666666667,104.0,0.075,0.9699999999999999,768,0.0,10,0.0,5.0,,ARC,ddos,117,3.0
10.0,0.5077136092178969,0.48275762354056884,107.11805555555556,90.0,0.075,0.8894527229576236,756,0.0,10,0.0,5.0,,ARC,ddos,118,3.0
0.0,0.4163109569732426,0.4163109569732374,104.33055555555555,119.0,0.075,0.9699999999999999,811,0.0,10,0.0,10.0,,ARC,ddos,119,3.0
30.0,0.20469713736224193,0.0,121.29305555555555,120.0,0.075,0.03888258599857017,96,30.0,0,0.0,,,HPA-45-r0,ddos,100,5.0
45.0,0.7484905928716978,0.0,123.89027777777778,120.0,0.075,0.03379225696036682,125,45.0,0,0.0,,,HPA-45-r0,ddos,101,5.0
10.0,0.010285744938809405,0.0,126.15416666666667,120.0,0.075,0.9251122526775994,118,10.0,0,0.0,,,HPA-45-r0,ddos,102,5.0
45.0,0.6043554564083342,0.0,126.29861111111111,120.0,0.075,0.0009766251345333563,119,45.0,0,0.0,,,HPA-45-r0,ddos,103,5.0
0.0,0.0,0.0,119.60555555555555,120.0,0.075,1.0,100,0.0,0,0.0,,,HPA-45-r0,ddos,104,5.0
0.0,0.0017359350503620696,0.0,125.94444444444444,120.0,0.075,0.9741567791541074,100,0.0,0,0.0,,,HPA-45-r0,ddos,105,5.0
45.0,0.57068380524814,0.0,120.56388888888888,120.0,0.075,0.002176486942979062,86,45.0,0,0.0,,,HPA-45-r0,ddos,106,5.0
25.0,0.39555369895470927,0.0,123.31805555555556,120.0,0.075,0.0870670784503629,126,25.0,0,0.0,,,HPA-45-r0,ddos,107,5.0
0.0,0.003903661360005195,0.0,127.14166666666667,120.0,0.075,0.9815789888388949,110,0.0,0,0.0,,,HPA-45-r0,ddos,108,5.0
45.0,0.6162297606353229,0.0,125.79027777777777,120.0,0.07500000000000007,0.023904803298217675,122,45.0,0,0.0,,,HPA-45-r0,ddos,109,5.0
0.0,0.0,0.0,120.46388888888889,120.0,0.075,1.0,99,0.0,0,0.0,,,HPA-45-r0,ddos,110,5.0
30.0,0.1397466395132385,0.0,124.85,120.0,0.075,0.41945917696312135,93,30.0,0,0.0,,,HPA-45-r0,ddos,111,5.0
50.0,0.5101717050314036,0.0,120.50277777777778,120.0,0.075,0.02317300364662477,98,50.0,0,0.0,,,HPA-45-r0,ddos,112,5.0
50.0,0.73586227521375,0.0,123.79583333333333,120.0,0.075,0.0019183034436121558,117,50.0,0,0.0,,,HPA-45-r0,ddos,113,5.0
30.0,0.3206097316796441,0.0,126.72777777777777,120.0,0.07500000000000007,0.09834819411902344,123,30.0,0,0.0,,,HPA-45-r0,ddos,114,5.0
45.0,0.5837009997883502,0.0,125.62916666666666,120.0,0.075,0.0006983580217031542,124,45.0,0,0.0,,,HPA-45-r0,ddos,115,5.0
0.0,0.0046527285881947655,0.0,120.55,120.0,0.075,0.9682767628870935,111,0.0,0,0.0,,,HPA-45-r0,ddos,116,5.0
25.0,0.2045783247675459,0.0,124.17361111111111,120.0,0.075,0.26961587996955194,102,25.0,0,0.0,,,HPA-45-r0,ddos,117,5.0
50.0,0.8462397727640902,0.0,120.62222222222222,120.0,0.075,0.0008098750978405233,102,50.0,0,0.0,,,HPA-45-r0,ddos,118,5.0
0.0,0.0,0.0,124.33194444444445,120.0,0.075,1.0,132,0.0,0,0.0,,,HPA-45-r0,ddos,119,5.0
65.0,0.4824858990870706,0.0,120.28888888888889,120.0,0.075,0.003375205343804987,107,65.0,0,0.0,,,HPA-45-r1,ddos,100,5.0
55.0,0.9031980420825203,0.0,124.16111111111111,120.0,0.075,0.03379225696036682,129,55.0,0,0.0,,,HPA-45-r1,ddos,101,5.0
10.0,0.010033130290920678,0.0,126.86944444444444,120.0,0.075,0.9272280590829779,122,10.0,0,0.0,,,HPA-45-r1,ddos,102,5.0
60.0,0.860531078987814,0.0,125.35555555555555,120.0,0.075,0.0001822722336319939,122,60.0,0,0.0,,,HPA-45-r1,ddos,103,5.0
0.0,0.0,0.0,119.60555555555555,120.0,0.075,1.0,100,0.0,0,0.0,,,HPA-45-r1,ddos,104,5.0
0.0,0.0017359350503620696,0.0,125.94444444444444,120.0,0.075,0.9741567791541074,100,0.0,0,0.0,,,HPA-45-r1,ddos,105,5.0
110.0,1.5491382600716253,0.0,120.70555555555555,120.0,0.075,0.00043167132431804086,110,110.0,0,0.0,,,HPA-45-r1,ddos,106,5.0
35.0,0.5170424514541638,0.0,123.36805555555556,120.0,0.075,0.08027363269989364,133,35.0,0,0.0,,,HPA-45-r1,ddos,107,5.0
0.0,0.003903661360005195,0.0,127.14166666666667,120.0,0.075,0.9815789888388949,110,0.0,0,0.0,,,HPA-45-r1,ddos,108,5.0
70.0,1.2205277422054683,0.0,125.87916666666666,120.0,0.07500000000000005,5.7766015994507085e-05,134,70.0,0,0.0,,,HPA-45-r1,ddos,109,5.0
0.0,0.0,0.0,120.46388888888889,120.0,0.075,1.0,99,0.0,0,0.0,,,HPA-45-r1,ddos,110,5.0
55.0,0.5960535931990085,0.0,124.8236111111111,120.0,0.075,0.02207008342325765,106,55.0,0,0.0,,,HPA-45-r1,ddos,111,5.0
80.0,1.0078017082228885,0.0,120.43194444444444,120.0,0.075,0.002843616314126439,110,80.0,0,0.0,,,HPA-45-r1,ddos,112,5.0
100.0,1.645492514869673,0.0,124.64444444444445,120.0,0.075,0.00019033549912958442,136,100.0,0,0.0,,,HPA-45-r1,ddos,113,5.0
80.0,1.3239731505859775,0.0,127.0125,120.0,0.07500000000000007,0.0013918369823454884,142,80.0,0,0.0,,,HPA-45-r1,ddos,114,5.0
65.0,0.9253585048376256,0.0,125.95972222222223,120.0,0.075,6.380845023966945e-05,133,65.0,0,0.0,,,HPA-45-r1,ddos,115,5.0
0.0,0.0046527285881947655,0.0,120.43333333333334,120.0,0.075,0.9682767628870935,115,0.0,0,0.0,,,HPA-45-r1,ddos,116,5.0
55.0,0.8268921822129682,0.0,125.07083333333334,120.0,0.075,0.001076773815126515,111,55.0,0,0.0,,,HPA-45-r1,ddos,117,5.0
80.0,1.2212824103434272,0.0,120.47222222222223,120.0,0.075,0.00026590840526128143,117,80.0,0,0.0,,,HPA-45-r1,ddos,118,5.0
0.0,0.0,0.0,124.97638888888889,120.0,0.075,1.0,129,0.0,0,0.0,,,HPA-45-r1,ddos,119,5.0
0.0,0.0,0.0,147.23611111111111,120.0,0.075,1.0,154,0.0,0,0.0,,,PredHPA-r1,ddos,100,5.0
15.0,0.04996290608777487,0.0,145.1875,120.0,0.075,0.8318196744522155,159,15.0,0,0.0,,,PredHPA-r1,ddos,101,5.0
0.0,0.0,0.0,150.79305555555555,120.0,0.075,1.0,139,0.0,0,0.0,,,PredHPA-r1,ddos,102,5.0
0.0,0.0,0.0,139.375,120.0,0.075,1.0,122,0.0,0,0.0,,,PredHPA-r1,ddos,103,5.0
0.0,0.0,0.0,126.83888888888889,120.0,0.075,1.0,122,0.0,0,0.0,,,PredHPA-r1,ddos,104,5.0
0.0,0.0,0.0,147.30833333333334,120.0,0.075,1.0,115,0.0,0,0.0,,,PredHPA-r1,ddos,105,5.0
0.0,0.003622780990564234,0.0,147.6,120.0,0.075,0.9699304125248314,142,0.0,0,0.0,,,PredHPA-r1,ddos,106,5.0
5.0,0.04776580598839786,0.0,141.9,120.0,0.075,0.6777383252169172,143,5.0,0,0.0,,,PredHPA-r1,ddos,107,5.0
0.0,0.0,0.0,148.89166666666668,120.0,0.075,1.0,152,0.0,0,0.0,,,PredHPA-r1,ddos,108,5.0
0.0,0.0,0.0,139.1027777777778,120.0,0.075,1.0,128,0.0,0,0.0,,,PredHPA-r1,ddos,109,5.0
0.0,0.0,0.0,127.66111111111111,120.0,0.075,1.0,140,0.0,0,0.0,,,PredHPA-r1,ddos,110,5.0
0.0,0.0,0.0,146.73472222222222,120.0,0.075,1.0,96,0.0,0,0.0,,,PredHPA-r1,ddos,111,5.0
0.0,0.0,0.0,147.4375,120.0,0.075,1.0,141,0.0,0,0.0,,,PredHPA-r1,ddos,112,5.0
20.0,0.11012683358009312,0.0,146.92916666666667,120.0,0.075,0.5265025453179261,147,20.0,0,0.0,,,PredHPA-r1,ddos,113,5.0
0.0,0.0,0.0,150.375,120.0,0.075,1.0,139,0.0,0,0.0,,,PredHPA-r1,ddos,114,5.0
0.0,0.0,0.0,139.00833333333333,120.0,0.075,1.0,132,0.0,0,0.0,,,PredHPA-r1,ddos,115,5.0
0.0,0.0,0.0,127.9375,120.0,0.075,1.0,143,0.0,0,0.0,,,PredHPA-r1,ddos,116,5.0
0.0,0.0,0.0,147.87916666666666,120.0,0.075,1.0,114,0.0,0,0.0,,,PredHPA-r1,ddos,117,5.0
0.0,0.0,0.0,147.01111111111112,120.0,0.075,1.0,153,0.0,0,0.0,,,PredHPA-r1,ddos,118,5.0
0.0,0.0,0.0,143.8625,120.0,0.075,1.0,168,0.0,0,0.0,,,PredHPA-r1,ddos,119,5.0
15.0,0.7359871668831008,0.5015593731049053,110.14722222222223,98.0,0.075,0.06927137619149112,772,5.0,9,0.0,5.0,,ARC,ddos,100,5.0
0.0,0.41788130429019077,0.41788130429018683,106.35833333333333,120.0,0.075,0.9699999999999999,882,0.0,10,0.0,5.0,,ARC,ddos,101,5.0
0.0,0.3602882800171403,0.3602882800171405,111.09861111111111,93.0,0.075,0.9699999999999999,871,0.0,10,0.0,5.0,,ARC,ddos,102,5.0
0.0,0.4099113936791299,0.4099113936791341,105.49722222222222,72.0,0.075,0.9699999999999999,785,0.0,9,0.0,5.0,,ARC,ddos,103,5.0
0.0,0.5324541827964047,0.5324541827964034,92.32916666666667,103.0,0.075,0.9699999999999999,576,0.0,9,0.0,5.0,,ARC,ddos,104,5.0
0.0,0.4053906471325086,0.4053906471325042,107.81944444444444,104.0,0.075,0.9699999999999999,793,0.0,10,0.0,5.0,,ARC,ddos,105,5.0
30.0,0.944949242330817,0.4902883876278236,101.6375,87.0,0.075,0.05910572525934283,778,0.0,10,0.0,5.0,,ARC,ddos,106,5.0
0.0,0.4211662202198818,0.4211662202198754,109.64027777777778,120.0,0.075,0.9699999999999999,900,0.0,10,0.0,5.0,,ARC,ddos,107,5.0
0.0,0.3595571754260396,0.35955717542603677,104.94722222222222,89.0,0.075,0.9699999999999999,813,0.0,10,0.0,5.0,,ARC,ddos,108,5.0
0.0,0.4008229307756572,0.40082293077565606,104.36944444444444,77.0,0.075,0.9699999999999999,783,0.0,9,0.0,5.0,,ARC,ddos,109,5.0
0.0,0.53900374201864,0.539003742018642,94.82083333333334,103.0,0.075,0.9699999999999999,584,0.0,10,0.0,5.0,,ARC,ddos,110,5.0
0.0,0.38709354708257315,0.38135702541166944,107.29166666666667,98.0,0.075,0.969684950330274,737,0.0,10,0.0,5.0,,ARC,ddos,111,5.0
50.0,1.1731998215318673,0.5028011425144994,99.52916666666667,91.0,0.075,0.0758492364743078,744,15.0,10,0.0,5.0,,ARC,ddos,112,5.0
0.0,0.4760906336210735,0.4760906336210649,112.91944444444445,120.0,0.075,0.9699999999999999,860,0.0,10,0.0,5.0,,ARC,ddos,113,5.0
0.0,0.37903894510588065,0.3790389451058716,117.50138888888888,100.0,0.075,0.9699999999999999,937,0.0,9,0.0,5.0,,ARC,ddos,114,5.0
0.0,0.39754199555551706,0.39754199555551173,103.22361111111111,72.0,0.075,0.9699999999999999,746,0.0,9,0.0,5.0,,ARC,ddos,115,5.0
0.0,0.5142860566330953,0.514286056633103,96.9,103.0,0.075,0.9699999999999999,593,0.0,10,0.0,5.0,,ARC,ddos,116,5.0
0.0,0.3919431673325202,0.3919431673325246,110.70833333333333,103.0,0.075,0.9699999999999999,758,0.0,10,0.0,5.0,,ARC,ddos,117,5.0
15.0,0.6008644309837052,0.4859997211391593,109.58333333333333,94.0,0.075,0.37988000853646736,776,0.0,10,0.0,5.0,,ARC,ddos,118,5.0
0.0,0.4177615145575131,0.4177615145575331,105.27916666666667,120.0,0.075,0.9699999999999999,846,0.0,10,0.0,5.0,,ARC,ddos,119,5.0
50.0,0.3938577438252988,0.0,121.81111111111112,120.0,0.075,0.00023321184057466224,108,50.0,0,0.0,,,HPA-45-r0,ddos,100,8.0
60.0,1.216039990019735,0.0,126.00694444444444,120.0,0.07500000000000011,0.005732906394389837,136,60.0,0,0.0,,,HPA-45-r0,ddos,101,8.0
55.0,0.6038635314130736,0.0,127.35555555555555,120.0,0.075,0.012941867438145117,131,55.0,0,0.0,,,HPA-45-r0,ddos,102,8.0
60.0,0.8359981770914793,0.0,126.91666666666667,120.0,0.075,0.0003840269239604246,128,60.0,0,0.0,,,HPA-45-r0,ddos,103,8.0
45.0,0.20408257917335915,0.0,120.60694444444445,120.0,0.075,0.0340088345517082,114,45.0,0,0.0,,,HPA-45-r0,ddos,104,8.0
55.0,0.44411227996155045,0.0,128.09305555555557,120.0,0.075,0.016120400593123693,121,55.0,0,0.0,,,HPA-45-r0,ddos,105,8.0
55.0,0.793059206824942,0.0,121.42083333333333,120.0,0.075,0.0007040116131045885,92,55.0,0,0.0,,,HPA-45-r0,ddos,106,8.0
50.0,0.9184933400938733,0.0,126.03055555555555,120.0,0.075,0.010332548186155357,133,50.0,0,0.0,,,HPA-45-r0,ddos,107,8.0
60.0,0.5990824977850084,0.0,126.8875,120.0,0.075,0.001966480866016789,121,60.0,0,0.0,,,HPA-45-r0,ddos,108,8.0
65.0,1.1680318847705595,0.0,126.84583333333333,120.0,0.075,0.003012608702622138,132,65.0,0,0.0,,,HPA-45-r0,ddos,109,8.0
40.0,0.03945202715704976,0.0,120.93888888888888,120.0,0.075,0.3139035683004402,112,40.0,0,0.0,,,HPA-45-r0,ddos,110,8.0
50.0,0.657757764651179,0.0,126.02222222222223,120.0,0.07500000000000011,0.023839205634219058,102,50.0,0,0.0,,,HPA-45-r0,ddos,111,8.0
65.0,0.8002076230385513,0.0,120.73611111111111,120.0,0.075,0.006030319316681118,109,65.0,0,0.0,,,HPA-45-r0,ddos,112,8.0
75.0,1.0932074165024952,0.0,128.09444444444443,120.0,0.075,0.0019435708005254794,133,75.0,0,0.0,,,HPA-45-r0,ddos,113,8.0
55.0,0.6842501664418799,0.0,128.20555555555555,120.0,0.075,0.015317803623767804,128,55.0,0,0.0,,,HPA-45-r0,ddos,114,8.0
55.0,0.7819805252551659,0.0,127.17361111111111,120.0,0.075,0.0003924228638276769,128,55.0,0,0.0,,,HPA-45-r0,ddos,115,8.0
50.0,0.7817480692550727,0.0,121.55694444444444,120.0,0.075,0.020732190073934162,124,50.0,0,0.0,,,HPA-45-r0,ddos,116,8.0
65.0,0.8940935847988607,0.0,127.18333333333334,120.0,0.075,0.0015121966211567664,113,65.0,0,0.0,,,HPA-45-r0,ddos,117,8.0
55.0,0.9579995233548244,0.0,120.82222222222222,120.0,0.075,0.0006070132186386557,114,55.0,0,0.0,,,HPA-45-r0,ddos,118,8.0
45.0,0.34186573544706667,0.0,126.43888888888888,120.0,0.075,0.02806802420374972,135,45.0,0,0.0,,,HPA-45-r0,ddos,119,8.0
875.0,15.548031056185573,0.0,122.11805555555556,120.0,3.065,7.496417136152232e-06,127,875.0,0,0.0,,,HPA-45-r1,ddos,100,8.0
875.0,13.086999935907484,0.0,126.55277777777778,120.0,3.0749999999999997,0.00018732408191875558,136,880.0,0,0.0,,,HPA-45-r1,ddos,101,8.0
130.0,1.254422103044328,0.0,128.3361111111111,120.0,0.07500000000000007,4.357966219214188e-06,148,140.0,0,0.0,,,HPA-45-r1,ddos,102,8.0
875.0,12.887927283640533,0.0,126.14861111111111,120.0,3.0549999999999997,7.612413395270533e-06,120,875.0,0,0.0,,,HPA-45-r1,ddos,103,8.0
55.0,0.20646598732101396,0.0,120.60694444444445,120.0,0.075,0.0340088345517082,116,55.0,0,0.0,,,HPA-45-r1,ddos,104,8.0
880.0,11.619051027537097,0.0,127.74583333333334,120.0,3.075,0.0010451107510858167,126,880.0,0,0.0,,,HPA-45-r1,ddos,105,8.0
890.0,15.289940473736074,0.0,121.45833333333333,120.0,3.0549999999999997,4.7363143500859924e-05,102,890.0,0,0.0,,,HPA-45-r1,ddos,106,8.0
870.0,13.158986130422223,0.0,126.13333333333334,120.0,6.0649999999999995,0.0004660129484215318,143,875.0,0,0.0,,,HPA-45-r1,ddos,107,8.0
860.0,11.435173188912973,0.0,128.4013888888889,120.0,3.065,0.00023980313146783965,141,885.0,0,0.0,,,HPA-45-r1,ddos,108,8.0
880.0,12.562687491472769,0.0,128.59583333333333,120.0,3.0749999999999997,1.2761187669424131e-05,133,880.0,0,0.0,,,HPA-45-r1,ddos,109,8.0
870.0,17.32874800512526,0.0,120.77777777777777,120.0,6.0649999999999995,0.0011320381467666617,121,870.0,0,0.0,,,HPA-45-r1,ddos,110,8.0
885.0,12.104139397440438,0.0,125.94722222222222,120.0,6.065,0.0007161219797678879,102,885.0,0,0.0,,,HPA-45-r1,ddos,111,8.0
885.0,14.518176571668494,0.0,121.22222222222223,120.0,3.0749999999999997,0.0005338113101109298,123,885.0,0,0.0,,,HPA-45-r1,ddos,112,8.0
885.0,15.084939454887536,0.0,127.84027777777777,120.0,3.0549999999999997,1.0042604822522435e-05,132,885.0,0,0.0,,,HPA-45-r1,ddos,113,8.0
860.0,11.684692100289585,0.0,128.1375,120.0,3.075,0.00035143971814953116,146,885.0,0,0.0,,,HPA-45-r1,ddos,114,8.0
875.0,12.452648830876157,0.0,127.97222222222223,120.0,3.065,6.187139619462928e-06,131,875.0,0,0.0,,,HPA-45-r1,ddos,115,8.0
870.0,15.672761139045821,0.0,121.44583333333334,120.0,3.0549999999999997,0.000267845599425943,124,870.0,0,0.0,,,HPA-45-r1,ddos,116,8.0
880.0,12.04921561779856,0.0,127.39305555555555,120.0,3.0650000000000004,8.031689388421359e-06,121,880.0,0,0.0,,,HPA-45-r1,ddos,117,8.0
885.0,15.096772179679075,0.0,121.95972222222223,120.0,3.0549999999999997,7.7065819115938e-06,118,885.0,0,0.0,,,HPA-45-r1,ddos,118,8.0
865.0,13.16753626970375,0.0,126.62083333333334,120.0,6.0649999999999995,0.0021618240862804746,150,870.0,0,0.0,,,HPA-45-r1,ddos,119,8.0
865.0,15.444336969018469,0.0,149.0611111111111,120.0,3.0549999999999997,0.00035977992988320295,184,865.0,0,0.0,,,PredHPA-r1,ddos,100,8.0
55.0,1.0702436600639298,0.0,147.37777777777777,120.0,0.075,0.0023816624285054504,173,55.0,0,0.0,,,PredHPA-r1,ddos,101,8.0
0.0,0.0,0.0,152.6263888888889,120.0,0.075,1.0,146,0.0,0,0.0,,,PredHPA-r1,ddos,102,8.0
45.0,0.5652849152394168,0.0,142.40972222222223,120.0,0.07500000000000015,0.015602554641570256,145,45.0,0,0.0,,,PredHPA-r1,ddos,103,8.0
35.0,0.09078702717142395,0.0,130.2097222222222,120.0,0.075,0.32948162332524367,134,35.0,0,0.0,,,PredHPA-r1,ddos,104,8.0
20.0,0.01333248037906909,0.0,151.49166666666667,120.0,0.075,0.913535796156569,139,20.0,0,0.0,,,PredHPA-r1,ddos,105,8.0
875.0,15.074367135390876,0.0,148.94722222222222,120.0,3.065,0.000524724888225833,169,875.0,0,0.0,,,PredHPA-r1,ddos,106,8.0
465.0,7.630144664965998,0.0,144.32777777777778,120.0,3.0549999999999997,0.00019141413899251682,180,465.0,0,0.0,,,PredHPA-r1,ddos,107,8.0
0.0,0.0,0.0,150.88611111111112,120.0,0.075,1.0,164,0.0,0,0.0,,,PredHPA-r1,ddos,108,8.0
875.0,12.204841091170682,0.0,142.91805555555555,120.0,3.0549999999999997,0.0006994900578784448,147,875.0,0,0.0,,,PredHPA-r1,ddos,109,8.0
0.0,0.0,0.0,131.0861111111111,120.0,0.075,1.0,131,0.0,0,0.0,,,PredHPA-r1,ddos,110,8.0
745.0,9.27176433630188,0.0,149.46805555555557,120.0,3.0549999999999997,9.266128645671872e-05,144,745.0,0,0.0,,,PredHPA-r1,ddos,111,8.0
880.0,15.492192904352986,0.0,149.5861111111111,120.0,3.065,0.0009597741879222699,177,880.0,0,0.0,,,PredHPA-r1,ddos,112,8.0
875.0,14.6437725090797,0.0,150.55416666666667,120.0,3.0549999999999997,0.0006260881170049947,185,875.0,0,0.0,,,PredHPA-r1,ddos,113,8.0
35.0,0.3830406927775587,0.0,150.87916666666666,120.0,0.07500000000000007,0.05336588435814711,155,35.0,0,0.0,,,PredHPA-r1,ddos,114,8.0
865.0,12.154150163814458,0.0,144.175,120.0,3.065,0.0008981723272147496,162,865.0,0,0.0,,,PredHPA-r1,ddos,115,8.0
45.0,0.8004439767968607,0.0,131.09583333333333,120.0,0.07500000000000007,0.0021332545480551744,155,45.0,0,0.0,,,PredHPA-r1,ddos,116,8.0
865.0,11.114954230771213,0.0,152.9152777777778,120.0,3.0749999999999997,0.0023050539074941858,157,865.0,0,0.0,,,PredHPA-r1,ddos,117,8.0
870.0,14.661155519194025,0.0,148.68472222222223,120.0,3.0549999999999997,0.0008182219349141998,176,870.0,0,0.0,,,PredHPA-r1,ddos,118,8.0
45.0,0.38239912121001973,0.0,147.75833333333333,120.0,0.075,0.001096589146119101,184,45.0,0,0.0,,,PredHPA-r1,ddos,119,8.0
15.0,0.7332604757609773,0.5015593731049053,115.11944444444444,107.0,0.075,0.06008224566101156,785,10.0,9,0.0,5.0,,ARC,ddos,100,8.0
0.0,0.41788130429019077,0.41788130429018683,107.92361111111111,116.0,0.075,0.9699999999999999,849,0.0,10,0.0,5.0,,ARC,ddos,101,8.0
0.0,0.3602882800171403,0.3602882800171405,113.16527777777777,97.0,0.075,0.9699999999999999,842,0.0,10,0.0,5.0,,ARC,ddos,102,8.0
0.0,0.4099113936791299,0.4099113936791341,107.75,90.0,0.075,0.9699999999999999,800,0.0,10,0.0,5.0,,ARC,ddos,103,8.0
0.0,0.5324541827964047,0.5324541827964034,95.15277777777777,113.0,0.075,0.9699999999999999,588,0.0,9,0.0,5.0,,ARC,ddos,104,8.0
0.0,0.4053906471325086,0.4053906471325042,111.58611111111111,103.0,0.075,0.9699999999999999,824,0.0,10,0.0,5.0,,ARC,ddos,105,8.0
35.0,0.8370349285036882,0.493300922665859,105.85555555555555,99.0,0.075,0.07968981207983786,820,5.0,10,0.0,5.0,,ARC,ddos,106,8.0
0.0,0.4211662202198818,0.4211662202198754,111.86111111111111,120.0,0.075,0.9699999999999999,939,0.0,10,0.0,5.0,,ARC,ddos,107,8.0
0.0,0.3595571754260396,0.35955717542603677,109.08055555555555,103.0,0.075,0.9699999999999999,834,0.0,10,0.0,5.0,,ARC,ddos,108,8.0
0.0,0.4008229307756572,0.40082293077565606,106.48333333333333,95.0,0.075,0.9699999999999999,801,0.0,9,0.0,5.0,,ARC,ddos,109,8.0
0.0,0.53900374201864,0.539003742018642,97.52222222222223,117.0,0.075,0.9699999999999999,608,0.0,10,0.0,5.0,,ARC,ddos,110,8.0
0.0,0.38709354708257315,0.38135702541166944,110.27777777777777,100.0,0.075,0.969684950330274,742,0.0,10,0.0,5.0,,ARC,ddos,111,8.0
50.0,1.2201585127888492,0.5028011425144994,102.94444444444444,100.0,0.075,0.05477765979570964,753,15.0,10,0.0,5.0,,ARC,ddos,112,8.0
0.0,0.4760906336210735,0.4760906336210649,116.31111111111112,120.0,0.075,0.9699999999999999,876,0.0,10,0.0,5.0,,ARC,ddos,113,8.0
0.0,0.37903894510588065,0.3790389451058716,120.55416666666666,112.0,0.075,0.9699999999999999,942,0.0,10,0.0,5.0,,ARC,ddos,114,8.0
0.0,0.39754199555551706,0.39754199555551173,107.12083333333334,101.0,0.075,0.9699999999999999,797,0.0,9,0.0,5.0,,ARC,ddos,115,8.0
0.0,0.5142860566330953,0.514286056633103,100.0125,120.0,0.075,0.9699999999999999,603,0.0,9,0.0,5.0,,ARC,ddos,116,8.0
0.0,0.3919431673325202,0.3919431673325246,114.72361111111111,106.0,0.075,0.9699999999999999,748,0.0,10,0.0,5.0,,ARC,ddos,117,8.0
10.0,0.5904835659829466,0.4859997211391593,113.12361111111112,105.0,0.075,0.37988000853646736,786,0.0,10,0.0,5.0,,ARC,ddos,118,8.0
0.0,0.4177615145575131,0.4177615145575331,107.35972222222222,120.0,0.075,0.9699999999999999,843,0.0,10,0.0,5.0,,ARC,ddos,119,8.0
